Publication_Author,Publication_Journal,Publication_Year,Publication_ID,Taxa,Phylum,Class,Order,Family,Genus,Species,Broad_Group,Observed_ED,Predicted_ED,Assignment_Level,Assigned_Lookup_Name,Absolute_Error,APE,n_raw_records
Abitia-Cardenas et al.,Fishery Bulletin,1997,Abitia-Cardenas et al. | Fishery Bulletin | 1997,Balistes polylepis,Chordata,Teleostei,Tetraodontiformes,Balistidae,Balistes,polylepis,Teleostei,6.19,5.62,Broad group,Teleostei,0.57,9.2084006462,1
Abitia-Cardenas et al.,Fishery Bulletin,1997,Abitia-Cardenas et al. | Fishery Bulletin | 1997,Decapterus muroadsi,Chordata,Teleostei,Perciformes,Carangidae,Decapterus,muroadsi,Teleostei,7.49,5.89,Family,Carangidae,1.6,21.3618157543,1
Abitia-Cardenas et al.,Fishery Bulletin,1997,Abitia-Cardenas et al. | Fishery Bulletin | 1997,Etrumeus teres,Chordata,Teleostei,Clupeiformes,Clupeidae,Etrumeus,teres,Teleostei,7.53,6.99,Family,Clupeidae,0.54,7.171314741,1
Abitia-Cardenas et al.,Fishery Bulletin,1997,Abitia-Cardenas et al. | Fishery Bulletin | 1997,Grimothea planipes,Arthropoda,Malacostraca,Decapoda,Munididae,Grimothea,planipes,Crustacea,3.93,3.9,Broad group,Crustacea,0.03,0.7633587786,1
Abitia-Cardenas et al.,Fishery Bulletin,1997,Abitia-Cardenas et al. | Fishery Bulletin | 1997,Merluccius productus,Chordata,Teleostei,Gadiformes,Merlucciidae,Merluccius,productus,Teleostei,6.15,3.99,Genus,Merluccius,2.16,35.1219512195,1
Abitia-Cardenas et al.,Fishery Bulletin,1997,Abitia-Cardenas et al. | Fishery Bulletin | 1997,Sardinops caeruleus,Chordata,Teleostei,Clupeiformes,Clupeidae,Sardinops,caeruleus,Teleostei,7.41,6.75,Genus,Sardinops,0.66,8.9068825911,1
Abitia-Cardenas et al.,Fishery Bulletin,1997,Abitia-Cardenas et al. | Fishery Bulletin | 1997,Scomber japonicus,Chordata,Teleostei,Perciformes,Scombridae,Scomber,japonicus,Teleostei,9.04,6.1225,Genus,Scomber,2.9175,32.2732300885,1
Abitia-Cardenas et al.,Fishery Bulletin,1997,Abitia-Cardenas et al. | Fishery Bulletin | 1997,Selar crumenopthalmus,Chordata,Teleostei,Perciformes,Carangidae,Selar,crumenopthalmus,Teleostei,6.4,5.89,Family,Carangidae,0.51,7.96875,1
Alaska Fisheries Science Center,NOAA Technical Memorandum,2024,Alaska Fisheries Science Center | NOAA Technical Memorandum | 2024,Alosa alabamae,Chordata,Teleostei,Clupeiformes,Clupeidae,Alosa,alabamae,Teleostei,4.53,6.99,Genus,Alosa,2.46,54.3046357616,1
Alaska Fisheries Science Center,NOAA Technical Memorandum,2024,Alaska Fisheries Science Center | NOAA Technical Memorandum | 2024,Anasterias perrieri,Echinodermata,Asteroidea,Forcipulatida,Asteriidae,Anasterias,perrieri,Other invertebrates,4.92,3.0,Broad group,Other invertebrates,1.92,39.0243902439,1
Alaska Fisheries Science Center,NOAA Technical Memorandum,2024,Alaska Fisheries Science Center | NOAA Technical Memorandum | 2024,Anoplopoma fimbria,Chordata,Teleostei,Scorpaeniformes,Anoplopomatidae,Anoplopoma,fimbria,Teleostei,6.49,5.62,Broad group,Teleostei,0.87,13.405238829,2
Alaska Fisheries Science Center,NOAA Technical Memorandum,2024,Alaska Fisheries Science Center | NOAA Technical Memorandum | 2024,Antigonia capros,Chordata,Teleostei,Zeiformes,Caproidae,Antigonia,capros,Teleostei,4.84,6.2,Family,Caproidae,1.36,28.0991735537,1
Alaska Fisheries Science Center,NOAA Technical Memorandum,2024,Alaska Fisheries Science Center | NOAA Technical Memorandum | 2024,Apostichopus californicus,Echinodermata,Holothuroidea,Synallactida,Stichopodidae,Apostichopus,californicus,Other invertebrates,1.0545,3.0,Broad group,Other invertebrates,1.9455,184.4950213371,2
Alaska Fisheries Science Center,NOAA Technical Memorandum,2024,Alaska Fisheries Science Center | NOAA Technical Memorandum | 2024,Argis lar,Arthropoda,Malacostraca,Decapoda,Crangonidae,Argis,lar,Crustacea,4.62,3.9,Broad group,Crustacea,0.72,15.5844155844,1
Alaska Fisheries Science Center,NOAA Technical Memorandum,2024,Alaska Fisheries Science Center | NOAA Technical Memorandum | 2024,Ariomma bondi,Chordata,Teleostei,Perciformes,Ariommatidae,Ariomma,bondi,Teleostei,5.17,5.62,Broad group,Teleostei,0.45,8.7040618956,1
Alaska Fisheries Science Center,NOAA Technical Memorandum,2024,Alaska Fisheries Science Center | NOAA Technical Memorandum | 2024,Artediellus scaber,Chordata,Teleostei,Scorpaeniformes,Cottidae,Artediellus,scaber,Teleostei,4.94,4.35,Family,Cottidae,0.59,11.9433198381,1
Alaska Fisheries Science Center,NOAA Technical Memorandum,2024,Alaska Fisheries Science Center | NOAA Technical Memorandum | 2024,Aspidophoroides monopterygius,Chordata,Teleostei,Scorpaeniformes,Agonidae,Aspidophoroides,monopterygius,Teleostei,5.44,5.62,Broad group,Teleostei,0.18,3.3088235294,1
Alaska Fisheries Science Center,NOAA Technical Memorandum,2024,Alaska Fisheries Science Center | NOAA Technical Memorandum | 2024,Atheresthes evermanni,Chordata,Teleostei,Pleuronectiformes,Pleuronectidae,Atheresthes,evermanni,Teleostei,4.67,5.6,Family,Pleuronectidae,0.93,19.9143468951,1
Alaska Fisheries Science Center,NOAA Technical Memorandum,2024,Alaska Fisheries Science Center | NOAA Technical Memorandum | 2024,Atheresthes stomias,Chordata,Teleostei,Pleuronectiformes,Pleuronectidae,Atheresthes,stomias,Teleostei,4.905,5.6,Family,Pleuronectidae,0.695,14.1692150866,2
Alaska Fisheries Science Center,NOAA Technical Memorandum,2024,Alaska Fisheries Science Center | NOAA Technical Memorandum | 2024,Bathyraja interrupta,Chordata,Chondrichthyes,Rajiformes,Arhynchobatidae,Bathyraja,interrupta,Chondrichthyes,4.38,5.7,Broad group,Chondrichthyes,1.32,30.1369863014,1
Alaska Fisheries Science Center,NOAA Technical Memorandum,2024,Alaska Fisheries Science Center | NOAA Technical Memorandum | 2024,Bembrops anatirostris,Chordata,Teleostei,Perciformes,Percophidae,Bembrops,anatirostris,Teleostei,3.89,5.62,Broad group,Teleostei,1.73,44.4730077121,1
Alaska Fisheries Science Center,NOAA Technical Memorandum,2024,Alaska Fisheries Science Center | NOAA Technical Memorandum | 2024,Berryteuthis magister,Mollusca,Cephalopoda,Teuthida,Gonatidae,Berryteuthis,magister,Cephalopoda,7.94,4.7,Broad group,Cephalopoda,3.24,40.8060453401,1
Alaska Fisheries Science Center,NOAA Technical Memorandum,2024,Alaska Fisheries Science Center | NOAA Technical Memorandum | 2024,Boreogadus saida,Chordata,Teleostei,Gadiformes,Gadidae,Boreogadus,saida,Teleostei,4.735,4.7,Family,Gadidae,0.035,0.7391763464,2
Alaska Fisheries Science Center,NOAA Technical Memorandum,2024,Alaska Fisheries Science Center | NOAA Technical Memorandum | 2024,Calanus glacialis,Arthropoda,Maxillopoda,Calanoida,Calanidae,Calanus,glacialis,Crustacea,7.4,3.9,Broad group,Crustacea,3.5,47.2972972973,1
Alaska Fisheries Science Center,NOAA Technical Memorandum,2024,Alaska Fisheries Science Center | NOAA Technical Memorandum | 2024,Calanus hyperboreus,Arthropoda,Maxillopoda,Calanoida,Calanidae,Calanus,hyperboreus,Crustacea,1.22,3.9,Broad group,Crustacea,2.68,219.6721311475,1
Alaska Fisheries Science Center,NOAA Technical Memorandum,2024,Alaska Fisheries Science Center | NOAA Technical Memorandum | 2024,Calanus marshallae,Arthropoda,Maxillopoda,Calanoida,Calanidae,Calanus,marshallae,Crustacea,4.89,3.9,Broad group,Crustacea,0.99,20.245398773,1
Alaska Fisheries Science Center,NOAA Technical Memorandum,2024,Alaska Fisheries Science Center | NOAA Technical Memorandum | 2024,Cancer magister,Arthropoda,Malacostraca,Decapoda,Cancridae,Cancer,magister,Crustacea,4.54,3.9,Broad group,Crustacea,0.64,14.0969162996,1
Alaska Fisheries Science Center,NOAA Technical Memorandum,2024,Alaska Fisheries Science Center | NOAA Technical Memorandum | 2024,Cancer oregonensis,Arthropoda,Malacostraca,Decapoda,Cancridae,Cancer,oregonensis,Crustacea,3.61,3.9,Broad group,Crustacea,0.29,8.0332409972,1
Alaska Fisheries Science Center,NOAA Technical Memorandum,2024,Alaska Fisheries Science Center | NOAA Technical Memorandum | 2024,Cancer productus,Arthropoda,Malacostraca,Decapoda,Cancridae,Cancer,productus,Crustacea,2.96,3.9,Broad group,Crustacea,0.94,31.7567567568,1
Alaska Fisheries Science Center,NOAA Technical Memorandum,2024,Alaska Fisheries Science Center | NOAA Technical Memorandum | 2024,Ceratostoma foliatum,Mollusca,Gastropoda,Neogastropoda,Muricidae,Ceratostoma,foliatum,Mollusca (non-cephalopods),4.88,2.14,Broad group,Mollusca (non-cephalopods),2.74,56.1475409836,1
Alaska Fisheries Science Center,NOAA Technical Memorandum,2024,Alaska Fisheries Science Center | NOAA Technical Memorandum | 2024,Chionoecetes opilio,Arthropoda,Malacostraca,Decapoda,Oregoniidae,Chionoecetes,opilio,Crustacea,3.69,3.9,Broad group,Crustacea,0.21,5.6910569106,1
Alaska Fisheries Science Center,NOAA Technical Memorandum,2024,Alaska Fisheries Science Center | NOAA Technical Memorandum | 2024,Chlamys rubida,Mollusca,Bivalvia,Pectinida,Pectinidae,Chlamys,rubida,Mollusca (non-cephalopods),4.48,2.14,Broad group,Mollusca (non-cephalopods),2.34,52.2321428571,1
Alaska Fisheries Science Center,NOAA Technical Memorandum,2024,Alaska Fisheries Science Center | NOAA Technical Memorandum | 2024,Clinocardium nuttallii,Mollusca,Bivalvia,Cardiida,Cardiidae,Clinocardium,nuttallii,Mollusca (non-cephalopods),2.8,1.57,Genus,Clinocardium,1.23,43.9285714286,1
Alaska Fisheries Science Center,NOAA Technical Memorandum,2024,Alaska Fisheries Science Center | NOAA Technical Memorandum | 2024,Coregonus autumnalis,Chordata,Teleostei,Salmoniformes,Salmonidae,Coregonus,autumnalis,Teleostei,4.71,5.62,Broad group,Teleostei,0.91,19.3205944798,1
Alaska Fisheries Science Center,NOAA Technical Memorandum,2024,Alaska Fisheries Science Center | NOAA Technical Memorandum | 2024,Coregonus laurettae,Chordata,Teleostei,Salmoniformes,Salmonidae,Coregonus,laurettae,Teleostei,10.9,5.62,Broad group,Teleostei,5.28,48.4403669725,1
Alaska Fisheries Science Center,NOAA Technical Memorandum,2024,Alaska Fisheries Science Center | NOAA Technical Memorandum | 2024,Coregonus pidschian,Chordata,Teleostei,Salmoniformes,Salmonidae,Coregonus,pidschian,Teleostei,6.9,5.62,Broad group,Teleostei,1.28,18.5507246377,1
Alaska Fisheries Science Center,NOAA Technical Memorandum,2024,Alaska Fisheries Science Center | NOAA Technical Memorandum | 2024,Coregonus sardinella,Chordata,Teleostei,Salmoniformes,Salmonidae,Coregonus,sardinella,Teleostei,7.4,5.62,Broad group,Teleostei,1.78,24.0540540541,1
Alaska Fisheries Science Center,NOAA Technical Memorandum,2024,Alaska Fisheries Science Center | NOAA Technical Memorandum | 2024,Crassadoma gigantea,Mollusca,Bivalvia,Pectinida,Pectinidae,Crassadoma,gigantea,Mollusca (non-cephalopods),3.55,2.14,Broad group,Mollusca (non-cephalopods),1.41,39.7183098592,1
Alaska Fisheries Science Center,NOAA Technical Memorandum,2024,Alaska Fisheries Science Center | NOAA Technical Memorandum | 2024,Crassostrea gigas,Mollusca,Bivalvia,Ostreida,Ostreidae,Crassostrea,gigas,Mollusca (non-cephalopods),2.15,2.14,Broad group,Mollusca (non-cephalopods),0.01,0.4651162791,1
Alaska Fisheries Science Center,NOAA Technical Memorandum,2024,Alaska Fisheries Science Center | NOAA Technical Memorandum | 2024,Cryptochiton stelleri,Mollusca,Polyplacophora,Chitonida,Acanthochitonidae,Cryptochiton,stelleri,Mollusca (non-cephalopods),3.66,2.14,Broad group,Mollusca (non-cephalopods),1.52,41.5300546448,1
Alaska Fisheries Science Center,NOAA Technical Memorandum,2024,Alaska Fisheries Science Center | NOAA Technical Memorandum | 2024,Cymatogaster aggregata,Chordata,Teleostei,Perciformes,Embiotocidae,Cymatogaster,aggregata,Teleostei,5.17,5.62,Broad group,Teleostei,0.45,8.7040618956,1
Alaska Fisheries Science Center,NOAA Technical Memorandum,2024,Alaska Fisheries Science Center | NOAA Technical Memorandum | 2024,Diaphus theta,Chordata,Teleostei,Myctophiformes,Myctophidae,Diaphus,theta,Teleostei,11.8,7.0,Family,Myctophidae,4.8,40.6779661017,1
Alaska Fisheries Science Center,NOAA Technical Memorandum,2024,Alaska Fisheries Science Center | NOAA Technical Memorandum | 2024,Eleginus gracilis,Chordata,Teleostei,Gadiformes,Gadidae,Eleginus,gracilis,Teleostei,3.8,4.7,Family,Gadidae,0.9,23.6842105263,2
Alaska Fisheries Science Center,NOAA Technical Memorandum,2024,Alaska Fisheries Science Center | NOAA Technical Memorandum | 2024,Entodesma navicula,Mollusca,Bivalvia,Pandorida,Lyonsiidae,Entodesma,navicula,Mollusca (non-cephalopods),2.82,2.14,Broad group,Mollusca (non-cephalopods),0.68,24.1134751773,1
Alaska Fisheries Science Center,NOAA Technical Memorandum,2024,Alaska Fisheries Science Center | NOAA Technical Memorandum | 2024,Eualus fabricii,Arthropoda,Malacostraca,Decapoda,Thoridae,Eualus,fabricii,Crustacea,5.06,3.9,Broad group,Crustacea,1.16,22.9249011858,1
Alaska Fisheries Science Center,NOAA Technical Memorandum,2024,Alaska Fisheries Science Center | NOAA Technical Memorandum | 2024,Eualus gaimardii,Arthropoda,Malacostraca,Decapoda,Thoridae,Eualus,gaimardii,Crustacea,5.16,3.9,Broad group,Crustacea,1.26,24.4186046512,1
Alaska Fisheries Science Center,NOAA Technical Memorandum,2024,Alaska Fisheries Science Center | NOAA Technical Memorandum | 2024,Eualus macilentus,Arthropoda,Malacostraca,Decapoda,Thoridae,Eualus,macilentus,Crustacea,5.97,3.9,Broad group,Crustacea,2.07,34.6733668342,1
Alaska Fisheries Science Center,NOAA Technical Memorandum,2024,Alaska Fisheries Science Center | NOAA Technical Memorandum | 2024,Eucalanus bungii,Arthropoda,Maxillopoda,Calanoida,Eucalanidae,Eucalanus,bungii,Crustacea,1.69,3.9,Broad group,Crustacea,2.21,130.7692307692,1
Alaska Fisheries Science Center,NOAA Technical Memorandum,2024,Alaska Fisheries Science Center | NOAA Technical Memorandum | 2024,Eumesogrammus praecisus,Chordata,Teleostei,Perciformes,Stichaeidae,Eumesogrammus,praecisus,Teleostei,4.64,5.4,Family,Stichaeidae,0.76,16.3793103448,1
Alaska Fisheries Science Center,NOAA Technical Memorandum,2024,Alaska Fisheries Science Center | NOAA Technical Memorandum | 2024,Euphausia pacifica,Arthropoda,Malacostraca,Euphausiacea,Euphausiidae,Euphausia,pacifica,Crustacea,4.21,3.73,Genus,Euphausia,0.48,11.4014251781,1
Alaska Fisheries Science Center,NOAA Technical Memorandum,2024,Alaska Fisheries Science Center | NOAA Technical Memorandum | 2024,Evasterias troscheli,Echinodermata,Asteroidea,Forcipulatida,Asteriidae,Evasterias,troscheli,Other invertebrates,4.55,3.0,Broad group,Other invertebrates,1.55,34.0659340659,1
Alaska Fisheries Science Center,NOAA Technical Memorandum,2024,Alaska Fisheries Science Center | NOAA Technical Memorandum | 2024,Gadus chalcogrammus,Chordata,Teleostei,Gadiformes,Gadidae,Gadus,chalcogrammus,Teleostei,4.275,4.7,Family,Gadidae,0.425,9.9415204678,2
Alaska Fisheries Science Center,NOAA Technical Memorandum,2024,Alaska Fisheries Science Center | NOAA Technical Memorandum | 2024,Gadus macrocephalus,Chordata,Teleostei,Gadiformes,Gadidae,Gadus,macrocephalus,Teleostei,3.875,4.7,Family,Gadidae,0.825,21.2903225806,2
Alaska Fisheries Science Center,NOAA Technical Memorandum,2024,Alaska Fisheries Science Center | NOAA Technical Memorandum | 2024,Gorgonocephalus arcticus,Echinodermata,Ophiuroidea,Phrynophiurida,Gorgonocephalidae,Gorgonocephalus,arcticus,Other invertebrates,2.87,3.0,Broad group,Other invertebrates,0.13,4.5296167247,1
Alaska Fisheries Science Center,NOAA Technical Memorandum,2024,Alaska Fisheries Science Center | NOAA Technical Memorandum | 2024,Gymnocanthus tricuspis,Chordata,Teleostei,Scorpaeniformes,Cottidae,Gymnocanthus,tricuspis,Teleostei,3.8,4.35,Family,Cottidae,0.55,14.4736842105,1
Alaska Fisheries Science Center,NOAA Technical Memorandum,2024,Alaska Fisheries Science Center | NOAA Technical Memorandum | 2024,Haliotis kamtschatkana,Mollusca,Gastropoda,Haliotida,Haliotidae,Haliotis,kamtschatkana,Mollusca (non-cephalopods),4.61,2.14,Broad group,Mollusca (non-cephalopods),2.47,53.579175705,1
Alaska Fisheries Science Center,NOAA Technical Memorandum,2024,Alaska Fisheries Science Center | NOAA Technical Memorandum | 2024,Hemilepidotus jordani,Chordata,Teleostei,Scorpaeniformes,Cottidae,Hemilepidotus,jordani,Teleostei,4.02,4.35,Family,Cottidae,0.33,8.2089552239,1
Alaska Fisheries Science Center,NOAA Technical Memorandum,2024,Alaska Fisheries Science Center | NOAA Technical Memorandum | 2024,Hexagrammos decagrammus,Chordata,Teleostei,Scorpaeniformes,Hexagrammidae,Hexagrammos,decagrammus,Teleostei,3.36,4.0,Family,Hexagrammidae,0.64,19.0476190476,1
Alaska Fisheries Science Center,NOAA Technical Memorandum,2024,Alaska Fisheries Science Center | NOAA Technical Memorandum | 2024,Hippoglossoides robustus,Chordata,Teleostei,Pleuronectiformes,Pleuronectidae,Hippoglossoides,robustus,Teleostei,3.93,5.6,Family,Pleuronectidae,1.67,42.4936386768,1
Alaska Fisheries Science Center,NOAA Technical Memorandum,2024,Alaska Fisheries Science Center | NOAA Technical Memorandum | 2024,Hippoglossus stenolepis,Chordata,Teleostei,Pleuronectiformes,Pleuronectidae,Hippoglossus,stenolepis,Teleostei,4.18,5.6,Family,Pleuronectidae,1.42,33.971291866,1
Alaska Fisheries Science Center,NOAA Technical Memorandum,2024,Alaska Fisheries Science Center | NOAA Technical Memorandum | 2024,Hypomesus olidus,Chordata,Teleostei,Osmeriformes,Osmeridae,Hypomesus,olidus,Teleostei,4.79,9.04,Family,Osmeridae,4.25,88.7265135699,1
Alaska Fisheries Science Center,NOAA Technical Memorandum,2024,Alaska Fisheries Science Center | NOAA Technical Memorandum | 2024,Hypomesus pretiosus,Chordata,Teleostei,Osmeriformes,Osmeridae,Hypomesus,pretiosus,Teleostei,3.88,9.04,Family,Osmeridae,5.16,132.9896907216,1
Alaska Fisheries Science Center,NOAA Technical Memorandum,2024,Alaska Fisheries Science Center | NOAA Technical Memorandum | 2024,Lampanyctus jordani,Chordata,Teleostei,Myctophiformes,Myctophidae,Lampanyctus,jordani,Teleostei,10.2,4.1,Genus,Lampanyctus,6.1,59.8039215686,1
Alaska Fisheries Science Center,NOAA Technical Memorandum,2024,Alaska Fisheries Science Center | NOAA Technical Memorandum | 2024,Lepidopsetta polyxystra,Chordata,Teleostei,Pleuronectiformes,Pleuronectidae,Lepidopsetta,polyxystra,Teleostei,3.54,5.6,Family,Pleuronectidae,2.06,58.1920903955,1
Alaska Fisheries Science Center,NOAA Technical Memorandum,2024,Alaska Fisheries Science Center | NOAA Technical Memorandum | 2024,Lepidopus altifrons,Chordata,Teleostei,Perciformes,Trichiuridae,Lepidopus,altifrons,Teleostei,3.82,5.62,Broad group,Teleostei,1.8,47.1204188482,1
Alaska Fisheries Science Center,NOAA Technical Memorandum,2024,Alaska Fisheries Science Center | NOAA Technical Memorandum | 2024,Leptoclinus maculatus,Chordata,Teleostei,Perciformes,Stichaeidae,Leptoclinus,maculatus,Teleostei,4.19,5.4,Family,Stichaeidae,1.21,28.8782816229,1
Alaska Fisheries Science Center,NOAA Technical Memorandum,2024,Alaska Fisheries Science Center | NOAA Technical Memorandum | 2024,Leukoma staminea,Mollusca,Bivalvia,Venerida,Veneridae,Leukoma,staminea,Mollusca (non-cephalopods),2.81,2.14,Broad group,Mollusca (non-cephalopods),0.67,23.8434163701,1
Alaska Fisheries Science Center,NOAA Technical Memorandum,2024,Alaska Fisheries Science Center | NOAA Technical Memorandum | 2024,Leuroglossus schmidti,Chordata,Teleostei,Osmeriformes,Bathylagidae,Leuroglossus,schmidti,Teleostei,6.65,5.62,Broad group,Teleostei,1.03,15.4887218045,1
Alaska Fisheries Science Center,NOAA Technical Memorandum,2024,Alaska Fisheries Science Center | NOAA Technical Memorandum | 2024,Limacina helicina,Mollusca,Gastropoda,Pteropoda,Limacinidae,Limacina,helicina,Mollusca (non-cephalopods),2.77,2.14,Broad group,Mollusca (non-cephalopods),0.63,22.7436823105,1
Alaska Fisheries Science Center,NOAA Technical Memorandum,2024,Alaska Fisheries Science Center | NOAA Technical Memorandum | 2024,Limanda aspera,Chordata,Teleostei,Pleuronectiformes,Pleuronectidae,Limanda,aspera,Teleostei,4.6,5.6,Family,Pleuronectidae,1.0,21.7391304348,1
Alaska Fisheries Science Center,NOAA Technical Memorandum,2024,Alaska Fisheries Science Center | NOAA Technical Memorandum | 2024,Limanda proboscidea,Chordata,Teleostei,Pleuronectiformes,Pleuronectidae,Limanda,proboscidea,Teleostei,4.85,5.6,Family,Pleuronectidae,0.75,15.4639175258,1
Alaska Fisheries Science Center,NOAA Technical Memorandum,2024,Alaska Fisheries Science Center | NOAA Technical Memorandum | 2024,Limnocalanus grimaldii,Arthropoda,Maxillopoda,Calanoida,Centropagidae,Limnocalanus,grimaldii,Crustacea,3.63,3.9,Broad group,Crustacea,0.27,7.4380165289,1
Alaska Fisheries Science Center,NOAA Technical Memorandum,2024,Alaska Fisheries Science Center | NOAA Technical Memorandum | 2024,Liopsetta glacialis,Chordata,Teleostei,Pleuronectiformes,Pleuronectidae,Liopsetta,glacialis,Teleostei,4.85,5.6,Family,Pleuronectidae,0.75,15.4639175258,1
Alaska Fisheries Science Center,NOAA Technical Memorandum,2024,Alaska Fisheries Science Center | NOAA Technical Memorandum | 2024,Liparis gibbus,Chordata,Teleostei,Scorpaeniformes,Liparidae,Liparis,gibbus,Teleostei,3.63,5.62,Broad group,Teleostei,1.99,54.8209366391,1
Alaska Fisheries Science Center,NOAA Technical Memorandum,2024,Alaska Fisheries Science Center | NOAA Technical Memorandum | 2024,Lirabuccinum dirum,Mollusca,Gastropoda,Neogastropoda,Buccinidae,Lirabuccinum,dirum,Mollusca (non-cephalopods),4.82,2.14,Broad group,Mollusca (non-cephalopods),2.68,55.601659751,1
Alaska Fisheries Science Center,NOAA Technical Memorandum,2024,Alaska Fisheries Science Center | NOAA Technical Memorandum | 2024,Loligo opalescens,Mollusca,Cephalopoda,Teuthida,Loliginidae,Loligo,opalescens,Cephalopoda,4.31,4.7,Genus,Loligo,0.39,9.0487238979,1
Alaska Fisheries Science Center,NOAA Technical Memorandum,2024,Alaska Fisheries Science Center | NOAA Technical Memorandum | 2024,Loligo pealeii,Mollusca,Cephalopoda,Teuthida,Loliginidae,Loligo,pealeii,Cephalopoda,3.43,4.7,Genus,Loligo,1.27,37.0262390671,1
Alaska Fisheries Science Center,NOAA Technical Memorandum,2024,Alaska Fisheries Science Center | NOAA Technical Memorandum | 2024,Lota lota,Chordata,Teleostei,Gadiformes,Gadidae,Lota,lota,Teleostei,4.07,4.7,Family,Gadidae,0.63,15.4791154791,1
Alaska Fisheries Science Center,NOAA Technical Memorandum,2024,Alaska Fisheries Science Center | NOAA Technical Memorandum | 2024,Lumpenus fabricii,Chordata,Teleostei,Perciformes,Stichaeidae,Lumpenus,fabricii,Teleostei,4.61,5.4,Family,Stichaeidae,0.79,17.136659436,1
Alaska Fisheries Science Center,NOAA Technical Memorandum,2024,Alaska Fisheries Science Center | NOAA Technical Memorandum | 2024,Lycodes mucosus,Chordata,Teleostei,Perciformes,Zoarcidae,Lycodes,mucosus,Teleostei,3.96,5.62,Broad group,Teleostei,1.66,41.9191919192,1
Alaska Fisheries Science Center,NOAA Technical Memorandum,2024,Alaska Fisheries Science Center | NOAA Technical Memorandum | 2024,Lycodes palearis,Chordata,Teleostei,Perciformes,Zoarcidae,Lycodes,palearis,Teleostei,4.43,5.62,Broad group,Teleostei,1.19,26.8623024831,1
Alaska Fisheries Science Center,NOAA Technical Memorandum,2024,Alaska Fisheries Science Center | NOAA Technical Memorandum | 2024,Lycodes polaris,Chordata,Teleostei,Perciformes,Zoarcidae,Lycodes,polaris,Teleostei,4.29,5.62,Broad group,Teleostei,1.33,31.0023310023,1
Alaska Fisheries Science Center,NOAA Technical Memorandum,2024,Alaska Fisheries Science Center | NOAA Technical Memorandum | 2024,Lycodes raridens,Chordata,Teleostei,Perciformes,Zoarcidae,Lycodes,raridens,Teleostei,4.46,5.62,Broad group,Teleostei,1.16,26.0089686099,1
Alaska Fisheries Science Center,NOAA Technical Memorandum,2024,Alaska Fisheries Science Center | NOAA Technical Memorandum | 2024,Lycodes turneri,Chordata,Teleostei,Perciformes,Zoarcidae,Lycodes,turneri,Teleostei,4.09,5.62,Broad group,Teleostei,1.53,37.4083129584,1
Alaska Fisheries Science Center,NOAA Technical Memorandum,2024,Alaska Fisheries Science Center | NOAA Technical Memorandum | 2024,Lytechinus variegatus,Echinodermata,Echinoidea,Temnopleuroida,Toxopneustidae,Lytechinus,variegatus,Other invertebrates,2.48,3.0,Broad group,Other invertebrates,0.52,20.9677419355,1
Alaska Fisheries Science Center,NOAA Technical Memorandum,2024,Alaska Fisheries Science Center | NOAA Technical Memorandum | 2024,Maurolicus weitzmani,Chordata,Teleostei,Stomiiformes,Sternoptychidae,Maurolicus,weitzmani,Teleostei,3.67,4.2,Genus,Maurolicus,0.53,14.4414168937,1
Alaska Fisheries Science Center,NOAA Technical Memorandum,2024,Alaska Fisheries Science Center | NOAA Technical Memorandum | 2024,Megalocottus platycephalus,Chordata,Teleostei,Scorpaeniformes,Cottidae,Megalocottus,platycephalus,Teleostei,4.63,4.35,Family,Cottidae,0.28,6.0475161987,1
Alaska Fisheries Science Center,NOAA Technical Memorandum,2024,Alaska Fisheries Science Center | NOAA Technical Memorandum | 2024,Merluccius productus,Chordata,Teleostei,Gadiformes,Merlucciidae,Merluccius,productus,Teleostei,3.095,3.99,Genus,Merluccius,0.895,28.9176090468,2
Alaska Fisheries Science Center,NOAA Technical Memorandum,2024,Alaska Fisheries Science Center | NOAA Technical Memorandum | 2024,Microgadus proximus,Chordata,Teleostei,Gadiformes,Gadidae,Microgadus,proximus,Teleostei,4.17,4.7,Family,Gadidae,0.53,12.7098321343,1
Alaska Fisheries Science Center,NOAA Technical Memorandum,2024,Alaska Fisheries Science Center | NOAA Technical Memorandum | 2024,Mya arenaria,Mollusca,Bivalvia,Myida,Myidae,Mya,arenaria,Mollusca (non-cephalopods),1.68,2.14,Broad group,Mollusca (non-cephalopods),0.46,27.380952381,1
Alaska Fisheries Science Center,NOAA Technical Memorandum,2024,Alaska Fisheries Science Center | NOAA Technical Memorandum | 2024,Myoxocephalus quadricornis,Chordata,Teleostei,Scorpaeniformes,Cottidae,Myoxocephalus,quadricornis,Teleostei,3.8,4.35,Family,Cottidae,0.55,14.4736842105,1
Alaska Fisheries Science Center,NOAA Technical Memorandum,2024,Alaska Fisheries Science Center | NOAA Technical Memorandum | 2024,Myoxocephalus scorpioides,Chordata,Teleostei,Scorpaeniformes,Cottidae,Myoxocephalus,scorpioides,Teleostei,4.34,4.35,Family,Cottidae,0.01,0.2304147465,1
Alaska Fisheries Science Center,NOAA Technical Memorandum,2024,Alaska Fisheries Science Center | NOAA Technical Memorandum | 2024,Myoxocephalus scorpius,Chordata,Teleostei,Scorpaeniformes,Cottidae,Myoxocephalus,scorpius,Teleostei,3.5,4.35,Family,Cottidae,0.85,24.2857142857,1
Alaska Fisheries Science Center,NOAA Technical Memorandum,2024,Alaska Fisheries Science Center | NOAA Technical Memorandum | 2024,Mysis litoralis,Arthropoda,Malacostraca,Mysida,Mysidae,Mysis,litoralis,Crustacea,4.81,2.2,Family,Mysidae,2.61,54.261954262,1
Alaska Fisheries Science Center,NOAA Technical Memorandum,2024,Alaska Fisheries Science Center | NOAA Technical Memorandum | 2024,Mysis oculata,Arthropoda,Malacostraca,Mysida,Mysidae,Mysis,oculata,Crustacea,5.49,2.2,Family,Mysidae,3.29,59.927140255,1
Alaska Fisheries Science Center,NOAA Technical Memorandum,2024,Alaska Fisheries Science Center | NOAA Technical Memorandum | 2024,Mysis relicta,Arthropoda,Malacostraca,Mysida,Mysidae,Mysis,relicta,Crustacea,5.01,2.2,Family,Mysidae,2.81,56.0878243513,1
Alaska Fisheries Science Center,NOAA Technical Memorandum,2024,Alaska Fisheries Science Center | NOAA Technical Memorandum | 2024,Mytilus trossulus,Mollusca,Bivalvia,Mytilida,Mytilidae,Mytilus,trossulus,Mollusca (non-cephalopods),3.29,2.14,Broad group,Mollusca (non-cephalopods),1.15,34.9544072948,1
Alaska Fisheries Science Center,NOAA Technical Memorandum,2024,Alaska Fisheries Science Center | NOAA Technical Memorandum | 2024,Neocalanus cristatus,Arthropoda,Maxillopoda,Calanoida,Calanidae,Neocalanus,cristatus,Crustacea,3.39,3.9,Broad group,Crustacea,0.51,15.0442477876,1
Alaska Fisheries Science Center,NOAA Technical Memorandum,2024,Alaska Fisheries Science Center | NOAA Technical Memorandum | 2024,Neocalanus plumchrus,Arthropoda,Maxillopoda,Calanoida,Calanidae,Neocalanus,plumchrus,Crustacea,4.68,3.9,Broad group,Crustacea,0.78,16.6666666667,1
Alaska Fisheries Science Center,NOAA Technical Memorandum,2024,Alaska Fisheries Science Center | NOAA Technical Memorandum | 2024,Neoepinnula americana,Chordata,Teleostei,Perciformes,Gempylidae,Neoepinnula,americana,Teleostei,5.32,5.62,Broad group,Teleostei,0.3,5.6390977444,1
Alaska Fisheries Science Center,NOAA Technical Memorandum,2024,Alaska Fisheries Science Center | NOAA Technical Memorandum | 2024,Neomysis rayii,Arthropoda,Malacostraca,Mysida,Mysidae,Neomysis,rayii,Crustacea,4.27,2.2,Family,Mysidae,2.07,48.4777517564,1
Alaska Fisheries Science Center,NOAA Technical Memorandum,2024,Alaska Fisheries Science Center | NOAA Technical Memorandum | 2024,Oncorhynchus gorbuscha,Chordata,Teleostei,Salmoniformes,Salmonidae,Oncorhynchus,gorbuscha,Teleostei,4.765,5.62,Broad group,Teleostei,0.855,17.9433368311,2
Alaska Fisheries Science Center,NOAA Technical Memorandum,2024,Alaska Fisheries Science Center | NOAA Technical Memorandum | 2024,Oncorhynchus keta,Chordata,Teleostei,Salmoniformes,Salmonidae,Oncorhynchus,keta,Teleostei,4.26,5.62,Broad group,Teleostei,1.36,31.9248826291,2
Alaska Fisheries Science Center,NOAA Technical Memorandum,2024,Alaska Fisheries Science Center | NOAA Technical Memorandum | 2024,Oncorhynchus kisutch,Chordata,Teleostei,Salmoniformes,Salmonidae,Oncorhynchus,kisutch,Teleostei,4.335,5.62,Broad group,Teleostei,1.285,29.6424452134,2
Alaska Fisheries Science Center,NOAA Technical Memorandum,2024,Alaska Fisheries Science Center | NOAA Technical Memorandum | 2024,Oncorhynchus nerka,Chordata,Teleostei,Salmoniformes,Salmonidae,Oncorhynchus,nerka,Teleostei,4.76,5.62,Broad group,Teleostei,0.86,18.0672268908,2
Alaska Fisheries Science Center,NOAA Technical Memorandum,2024,Alaska Fisheries Science Center | NOAA Technical Memorandum | 2024,Oncorhynchus tshawytscha,Chordata,Teleostei,Salmoniformes,Salmonidae,Oncorhynchus,tshawytscha,Teleostei,4.51,5.62,Broad group,Teleostei,1.11,24.6119733925,1
Alaska Fisheries Science Center,NOAA Technical Memorandum,2024,Alaska Fisheries Science Center | NOAA Technical Memorandum | 2024,Osmerus mordax,Chordata,Teleostei,Osmeriformes,Osmeridae,Osmerus,mordax,Teleostei,4.89,9.04,Family,Osmeridae,4.15,84.8670756646,1
Alaska Fisheries Science Center,NOAA Technical Memorandum,2024,Alaska Fisheries Science Center | NOAA Technical Memorandum | 2024,Panopea abrupta,Mollusca,Bivalvia,Solenida,Hiatellidae,Panopea,abrupta,Mollusca (non-cephalopods),3.8,2.14,Broad group,Mollusca (non-cephalopods),1.66,43.6842105263,1
Alaska Fisheries Science Center,NOAA Technical Memorandum,2024,Alaska Fisheries Science Center | NOAA Technical Memorandum | 2024,Parasagitta elegans,Chaetognatha,Sagittoidea,Aphragmophora,Sagittidae,Parasagitta,elegans,Other invertebrates,1.585,3.0,Broad group,Other invertebrates,1.415,89.2744479495,2
Alaska Fisheries Science Center,NOAA Technical Memorandum,2024,Alaska Fisheries Science Center | NOAA Technical Memorandum | 2024,Peprilus burti,Chordata,Teleostei,Perciformes,Stromateidae,Peprilus,burti,Teleostei,5.51,6.74,Genus,Peprilus,1.23,22.3230490018,1
Alaska Fisheries Science Center,NOAA Technical Memorandum,2024,Alaska Fisheries Science Center | NOAA Technical Memorandum | 2024,Pholis laeta,Chordata,Teleostei,Perciformes,Pholidae,Pholis,laeta,Teleostei,5.14,5.62,Broad group,Teleostei,0.48,9.3385214008,2
Alaska Fisheries Science Center,NOAA Technical Memorandum,2024,Alaska Fisheries Science Center | NOAA Technical Memorandum | 2024,Platichthys stellatus,Chordata,Teleostei,Pleuronectiformes,Pleuronectidae,Platichthys,stellatus,Teleostei,5.19,5.6,Family,Pleuronectidae,0.41,7.8998073218,1
Alaska Fisheries Science Center,NOAA Technical Memorandum,2024,Alaska Fisheries Science Center | NOAA Technical Memorandum | 2024,Pleuronectes quadrituberculatus,Chordata,Teleostei,Pleuronectiformes,Pleuronectidae,Pleuronectes,quadrituberculatus,Teleostei,3.27,5.8,Genus,Pleuronectes,2.53,77.370030581,1
Alaska Fisheries Science Center,NOAA Technical Memorandum,2024,Alaska Fisheries Science Center | NOAA Technical Memorandum | 2024,Pododesmus macrochisma,Mollusca,Bivalvia,Arcida,Anomiidae,Pododesmus,macrochisma,Mollusca (non-cephalopods),4.71,2.14,Broad group,Mollusca (non-cephalopods),2.57,54.5647558386,1
Alaska Fisheries Science Center,NOAA Technical Memorandum,2024,Alaska Fisheries Science Center | NOAA Technical Memorandum | 2024,Pontinus longispinis,Chordata,Teleostei,Scorpaeniformes,Scorpaenidae,Pontinus,longispinis,Teleostei,3.75,5.1,Family,Scorpaenidae,1.35,36.0,1
Alaska Fisheries Science Center,NOAA Technical Memorandum,2024,Alaska Fisheries Science Center | NOAA Technical Memorandum | 2024,Pristipomoides argyrogrammicus,Chordata,Teleostei,Perciformes,Lutjanidae,Pristipomoides,argyrogrammicus,Teleostei,4.7,5.62,Broad group,Teleostei,0.92,19.5744680851,1
Alaska Fisheries Science Center,NOAA Technical Memorandum,2024,Alaska Fisheries Science Center | NOAA Technical Memorandum | 2024,Pugettia producta,Arthropoda,Malacostraca,Decapoda,Epialtidae,Pugettia,producta,Crustacea,3.65,3.9,Broad group,Crustacea,0.25,6.8493150685,1
Alaska Fisheries Science Center,NOAA Technical Memorandum,2024,Alaska Fisheries Science Center | NOAA Technical Memorandum | 2024,Pungitius pungitius,Chordata,Teleostei,Gasterosteiformes,Gasterosteidae,Pungitius,pungitius,Teleostei,5.14,5.62,Broad group,Teleostei,0.48,9.3385214008,1
Alaska Fisheries Science Center,NOAA Technical Memorandum,2024,Alaska Fisheries Science Center | NOAA Technical Memorandum | 2024,Pyrosoma atlanticum,Chordata,Thaliacea,Pyrosomida,Pyrosomatidae,Pyrosoma,atlanticum,Other invertebrates,0.493,3.0,Broad group,Other invertebrates,2.507,508.5192697769,1
Alaska Fisheries Science Center,NOAA Technical Memorandum,2024,Alaska Fisheries Science Center | NOAA Technical Memorandum | 2024,Reinhardtius hippoglossoides,Chordata,Teleostei,Pleuronectiformes,Pleuronectidae,Reinhardtius,hippoglossoides,Teleostei,3.26,5.6,Family,Pleuronectidae,2.34,71.7791411043,1
Alaska Fisheries Science Center,NOAA Technical Memorandum,2024,Alaska Fisheries Science Center | NOAA Technical Memorandum | 2024,Saduria entomon,Arthropoda,Malacostraca,Isopoda,Chaetiliidae,Saduria,entomon,Crustacea,3.7,3.9,Broad group,Crustacea,0.2,5.4054054054,1
Alaska Fisheries Science Center,NOAA Technical Memorandum,2024,Alaska Fisheries Science Center | NOAA Technical Memorandum | 2024,Saduria sabini,Arthropoda,Malacostraca,Isopoda,Chaetiliidae,Saduria,sabini,Crustacea,2.5,3.9,Broad group,Crustacea,1.4,56.0,1
Alaska Fisheries Science Center,NOAA Technical Memorandum,2024,Alaska Fisheries Science Center | NOAA Technical Memorandum | 2024,Salvelinus malma,Chordata,Teleostei,Salmoniformes,Salmonidae,Salvelinus,malma,Teleostei,4.66,5.62,Broad group,Teleostei,0.96,20.6008583691,1
Alaska Fisheries Science Center,NOAA Technical Memorandum,2024,Alaska Fisheries Science Center | NOAA Technical Memorandum | 2024,Saurida normani,Chordata,Teleostei,Aulopiformes,Synodontidae,Saurida,normani,Teleostei,4.72,5.62,Broad group,Teleostei,0.9,19.0677966102,1
Alaska Fisheries Science Center,NOAA Technical Memorandum,2024,Alaska Fisheries Science Center | NOAA Technical Memorandum | 2024,Saxidomus gigantea,Mollusca,Bivalvia,Venerida,Veneridae,Saxidomus,gigantea,Mollusca (non-cephalopods),3.21,2.14,Broad group,Mollusca (non-cephalopods),1.07,33.3333333333,1
Alaska Fisheries Science Center,NOAA Technical Memorandum,2024,Alaska Fisheries Science Center | NOAA Technical Memorandum | 2024,Sclerocrangon boreas,Arthropoda,Malacostraca,Decapoda,Crangonidae,Sclerocrangon,boreas,Crustacea,3.86,3.9,Broad group,Crustacea,0.04,1.0362694301,1
Alaska Fisheries Science Center,NOAA Technical Memorandum,2024,Alaska Fisheries Science Center | NOAA Technical Memorandum | 2024,Sebastes aleutianus,Chordata,Teleostei,Scorpaeniformes,Scorpaenidae,Sebastes,aleutianus,Teleostei,5.32,5.1,Family,Scorpaenidae,0.22,4.1353383459,1
Alaska Fisheries Science Center,NOAA Technical Memorandum,2024,Alaska Fisheries Science Center | NOAA Technical Memorandum | 2024,Sebastes alutus,Chordata,Teleostei,Scorpaeniformes,Scorpaenidae,Sebastes,alutus,Teleostei,5.085,5.1,Family,Scorpaenidae,0.015,0.2949852507,2
Alaska Fisheries Science Center,NOAA Technical Memorandum,2024,Alaska Fisheries Science Center | NOAA Technical Memorandum | 2024,Sebastes caurinus,Chordata,Teleostei,Scorpaeniformes,Scorpaenidae,Sebastes,caurinus,Teleostei,4.14,5.1,Family,Scorpaenidae,0.96,23.1884057971,1
Alaska Fisheries Science Center,NOAA Technical Memorandum,2024,Alaska Fisheries Science Center | NOAA Technical Memorandum | 2024,Sebastes ciliatus,Chordata,Teleostei,Scorpaeniformes,Scorpaenidae,Sebastes,ciliatus,Teleostei,6.2,5.1,Family,Scorpaenidae,1.1,17.7419354839,1
Alaska Fisheries Science Center,NOAA Technical Memorandum,2024,Alaska Fisheries Science Center | NOAA Technical Memorandum | 2024,Sebastes melanops,Chordata,Teleostei,Scorpaeniformes,Scorpaenidae,Sebastes,melanops,Teleostei,5.72,5.1,Family,Scorpaenidae,0.62,10.8391608392,1
Alaska Fisheries Science Center,NOAA Technical Memorandum,2024,Alaska Fisheries Science Center | NOAA Technical Memorandum | 2024,Sebastes polyspinis,Chordata,Teleostei,Scorpaeniformes,Scorpaenidae,Sebastes,polyspinis,Teleostei,6.05,5.1,Family,Scorpaenidae,0.95,15.7024793388,2
Alaska Fisheries Science Center,NOAA Technical Memorandum,2024,Alaska Fisheries Science Center | NOAA Technical Memorandum | 2024,Steindachneria argentea,Chordata,Teleostei,Gadiformes,Steindachneriidae,Steindachneria,argentea,Teleostei,3.82,5.62,Broad group,Teleostei,1.8,47.1204188482,1
Alaska Fisheries Science Center,NOAA Technical Memorandum,2024,Alaska Fisheries Science Center | NOAA Technical Memorandum | 2024,Stenobrachius leucopsarus,Chordata,Teleostei,Myctophiformes,Myctophidae,Stenobrachius,leucopsarus,Teleostei,10.1,7.0,Family,Myctophidae,3.1,30.6930693069,1
Alaska Fisheries Science Center,NOAA Technical Memorandum,2024,Alaska Fisheries Science Center | NOAA Technical Memorandum | 2024,Stenodus nelma,Chordata,Teleostei,Salmoniformes,Salmonidae,Stenodus,nelma,Teleostei,7.2,5.62,Broad group,Teleostei,1.58,21.9444444444,1
Alaska Fisheries Science Center,NOAA Technical Memorandum,2024,Alaska Fisheries Science Center | NOAA Technical Memorandum | 2024,Stichaeus punctatus,Chordata,Teleostei,Perciformes,Stichaeidae,Stichaeus,punctatus,Teleostei,4.05,5.4,Family,Stichaeidae,1.35,33.3333333333,1
Alaska Fisheries Science Center,NOAA Technical Memorandum,2024,Alaska Fisheries Science Center | NOAA Technical Memorandum | 2024,Strongylocentrotus droebachiensis,Echinodermata,Echinoidea,Echinoida,Strongylocentrotidae,Strongylocentrotus,droebachiensis,Other invertebrates,2.27,3.0,Broad group,Other invertebrates,0.73,32.1585903084,1
Alaska Fisheries Science Center,NOAA Technical Memorandum,2024,Alaska Fisheries Science Center | NOAA Technical Memorandum | 2024,Strongylocentrotus franciscanus,Echinodermata,Echinoidea,Echinoida,Strongylocentrotidae,Strongylocentrotus,franciscanus,Other invertebrates,1.43,3.0,Broad group,Other invertebrates,1.57,109.7902097902,1
Alaska Fisheries Science Center,NOAA Technical Memorandum,2024,Alaska Fisheries Science Center | NOAA Technical Memorandum | 2024,Synagrops bellus,Chordata,Teleostei,Perciformes,Acropomatidae,Synagrops,bellus,Teleostei,3.41,5.62,Broad group,Teleostei,2.21,64.8093841642,1
Alaska Fisheries Science Center,NOAA Technical Memorandum,2024,Alaska Fisheries Science Center | NOAA Technical Memorandum | 2024,Synagrops spinosus,Chordata,Teleostei,Perciformes,Acropomatidae,Synagrops,spinosus,Teleostei,6.47,5.62,Broad group,Teleostei,0.85,13.1375579598,1
Alaska Fisheries Science Center,NOAA Technical Memorandum,2024,Alaska Fisheries Science Center | NOAA Technical Memorandum | 2024,Synagrops trispinosus,Chordata,Teleostei,Perciformes,Acropomatidae,Synagrops,trispinosus,Teleostei,4.41,5.62,Broad group,Teleostei,1.21,27.4376417234,1
Alaska Fisheries Science Center,NOAA Technical Memorandum,2024,Alaska Fisheries Science Center | NOAA Technical Memorandum | 2024,Telmessus cheiragonus,Arthropoda,Malacostraca,Decapoda,Cheiragonidae,Telmessus,cheiragonus,Crustacea,3.92,3.9,Broad group,Crustacea,0.02,0.5102040816,1
Alaska Fisheries Science Center,NOAA Technical Memorandum,2024,Alaska Fisheries Science Center | NOAA Technical Memorandum | 2024,Themisto libellula,Arthropoda,Malacostraca,Amphipoda,Hyperiidae,Themisto,libellula,Crustacea,5.53,3.9,Broad group,Crustacea,1.63,29.4755877034,1
Alaska Fisheries Science Center,NOAA Technical Memorandum,2024,Alaska Fisheries Science Center | NOAA Technical Memorandum | 2024,Thysanoessa inermis,Arthropoda,Malacostraca,Euphausiacea,Euphausiidae,Thysanoessa,inermis,Crustacea,4.2,3.815,Family,Euphausiidae,0.385,9.1666666667,1
Alaska Fisheries Science Center,NOAA Technical Memorandum,2024,Alaska Fisheries Science Center | NOAA Technical Memorandum | 2024,Thysanoessa longipes,Arthropoda,Malacostraca,Euphausiacea,Euphausiidae,Thysanoessa,longipes,Crustacea,5.23,3.815,Family,Euphausiidae,1.415,27.0554493308,1
Alaska Fisheries Science Center,NOAA Technical Memorandum,2024,Alaska Fisheries Science Center | NOAA Technical Memorandum | 2024,Thysanoessa raschii,Arthropoda,Malacostraca,Euphausiacea,Euphausiidae,Thysanoessa,raschii,Crustacea,5.62,3.815,Family,Euphausiidae,1.805,32.1174377224,1
Alaska Fisheries Science Center,NOAA Technical Memorandum,2024,Alaska Fisheries Science Center | NOAA Technical Memorandum | 2024,Thysanoessa spinifera,Arthropoda,Malacostraca,Euphausiacea,Euphausiidae,Thysanoessa,spinifera,Crustacea,4.42,3.815,Family,Euphausiidae,0.605,13.6877828054,1
Alaska Fisheries Science Center,NOAA Technical Memorandum,2024,Alaska Fisheries Science Center | NOAA Technical Memorandum | 2024,Trichodon trichodon,Chordata,Teleostei,Perciformes,Trichodontidae,Trichodon,trichodon,Teleostei,4.22,5.62,Broad group,Teleostei,1.4,33.1753554502,1
Alaska Fisheries Science Center,NOAA Technical Memorandum,2024,Alaska Fisheries Science Center | NOAA Technical Memorandum | 2024,Triglops pingelii,Chordata,Teleostei,Scorpaeniformes,Cottidae,Triglops,pingelii,Teleostei,3.76,4.35,Family,Cottidae,0.59,15.6914893617,1
Albo-Puigserver et al.,Deep-Sea Research II,2017,Albo-Puigserver et al. | Deep-Sea Research II | 2017,Sardinella aurita,Chordata,Teleostei,Clupeiformes,Clupeidae,Sardinella,aurita,Teleostei,5.64,6.99,Family,Clupeidae,1.35,23.9361702128,1
Anderson,Thesis--California Polytechnic State University,2016,Anderson | Thesis--California Polytechnic State University | 2016,Citharichthys sordidus,Chordata,Teleostei,Pleuronectiformes,Paralichthyidae,Citharichthys,sordidus,Teleostei,3.18,5.62,Broad group,Teleostei,2.44,76.7295597484,1
Anderson,Thesis--California Polytechnic State University,2016,Anderson | Thesis--California Polytechnic State University | 2016,Octopus rubescens,Mollusca,Cephalopoda,Octopoda,Octopodidae,Octopus,rubescens,Cephalopoda,3.35,4.7,Family,Octopodidae,1.35,40.2985074627,1
Anderson,Thesis--California Polytechnic State University,2016,Anderson | Thesis--California Polytechnic State University | 2016,Sebastes mystinus,Chordata,Teleostei,Scorpaeniformes,Scorpaenidae,Sebastes,mystinus,Teleostei,3.68,5.1,Family,Scorpaenidae,1.42,38.5869565217,1
Anthony et al.,Journal of Experimental Marine Biology and Ecology,2000,Anthony et al. | Journal of Experimental Marine Biology and Ecology | 2000,Anoplarchus purpurescens,Chordata,Teleostei,Perciformes,Stichaeidae,Anoplarchus,purpurescens,Teleostei,4.28,5.4,Family,Stichaeidae,1.12,26.1682242991,1
Anthony et al.,Journal of Experimental Marine Biology and Ecology,2000,Anthony et al. | Journal of Experimental Marine Biology and Ecology | 2000,Artedius fenestralis,Chordata,Teleostei,Scorpaeniformes,Cottidae,Artedius,fenestralis,Teleostei,4.095,4.35,Family,Cottidae,0.255,6.2271062271,2
Anthony et al.,Journal of Experimental Marine Biology and Ecology,2000,Anthony et al. | Journal of Experimental Marine Biology and Ecology | 2000,Bathymaster signatus,Chordata,Teleostei,Perciformes,Bathymasteridae,Bathymaster,signatus,Teleostei,4.24,5.62,Broad group,Teleostei,1.38,32.5471698113,1
Anthony et al.,Journal of Experimental Marine Biology and Ecology,2000,Anthony et al. | Journal of Experimental Marine Biology and Ecology | 2000,Blepsias bilobus,Chordata,Teleostei,Scorpaeniformes,Hemitripteridae,Blepsias,bilobus,Teleostei,3.54,5.62,Broad group,Teleostei,2.08,58.7570621469,1
Anthony et al.,Journal of Experimental Marine Biology and Ecology,2000,Anthony et al. | Journal of Experimental Marine Biology and Ecology | 2000,Blepsias cirrhosus,Chordata,Teleostei,Scorpaeniformes,Hemitripteridae,Blepsias,cirrhosus,Teleostei,3.05,5.62,Broad group,Teleostei,2.57,84.262295082,1
Anthony et al.,Journal of Experimental Marine Biology and Ecology,2000,Anthony et al. | Journal of Experimental Marine Biology and Ecology | 2000,Cottus tenuis,Chordata,Teleostei,Scorpaeniformes,Cottidae,Cottus,tenuis,Teleostei,4.29,4.35,Family,Cottidae,0.06,1.3986013986,1
Anthony et al.,Journal of Experimental Marine Biology and Ecology,2000,Anthony et al. | Journal of Experimental Marine Biology and Ecology | 2000,Gadus chalcogrammus,Chordata,Teleostei,Gadiformes,Gadidae,Gadus,chalcogrammus,Teleostei,3.405,4.7,Family,Gadidae,1.295,38.0323054332,2
Anthony et al.,Journal of Experimental Marine Biology and Ecology,2000,Anthony et al. | Journal of Experimental Marine Biology and Ecology | 2000,Gadus macrocephalus,Chordata,Teleostei,Gadiformes,Gadidae,Gadus,macrocephalus,Teleostei,3.54,4.7,Family,Gadidae,1.16,32.7683615819,3
Anthony et al.,Journal of Experimental Marine Biology and Ecology,2000,Anthony et al. | Journal of Experimental Marine Biology and Ecology | 2000,Glyptocephalus zachirus,Chordata,Teleostei,Pleuronectiformes,Pleuronectidae,Glyptocephalus,zachirus,Teleostei,3.02,5.6,Genus,Glyptocephalus,2.58,85.4304635762,1
Anthony et al.,Journal of Experimental Marine Biology and Ecology,2000,Anthony et al. | Journal of Experimental Marine Biology and Ecology | 2000,Gymnocanthus galeatus,Chordata,Teleostei,Scorpaeniformes,Cottidae,Gymnocanthus,galeatus,Teleostei,4.77,4.35,Family,Cottidae,0.42,8.8050314465,1
Anthony et al.,Journal of Experimental Marine Biology and Ecology,2000,Anthony et al. | Journal of Experimental Marine Biology and Ecology | 2000,Hemilepidotus hemilepidotus,Chordata,Teleostei,Scorpaeniformes,Cottidae,Hemilepidotus,hemilepidotus,Teleostei,3.85,4.35,Family,Cottidae,0.5,12.987012987,1
Anthony et al.,Journal of Experimental Marine Biology and Ecology,2000,Anthony et al. | Journal of Experimental Marine Biology and Ecology | 2000,Hypomesus pretiosus,Chordata,Teleostei,Osmeriformes,Osmeridae,Hypomesus,pretiosus,Teleostei,4.39,9.04,Family,Osmeridae,4.65,105.9225512528,1
Anthony et al.,Journal of Experimental Marine Biology and Ecology,2000,Anthony et al. | Journal of Experimental Marine Biology and Ecology | 2000,Liparis callyodon,Chordata,Teleostei,Scorpaeniformes,Liparidae,Liparis,callyodon,Teleostei,3.28,5.62,Broad group,Teleostei,2.34,71.3414634146,1
Anthony et al.,Journal of Experimental Marine Biology and Ecology,2000,Anthony et al. | Journal of Experimental Marine Biology and Ecology | 2000,Lumpenus fabricii,Chordata,Teleostei,Perciformes,Stichaeidae,Lumpenus,fabricii,Teleostei,4.9,5.4,Family,Stichaeidae,0.5,10.2040816327,1
Anthony et al.,Journal of Experimental Marine Biology and Ecology,2000,Anthony et al. | Journal of Experimental Marine Biology and Ecology | 2000,Lumpenus maculatus,Chordata,Teleostei,Perciformes,Stichaeidae,Lumpenus,maculatus,Teleostei,4.83,5.4,Family,Stichaeidae,0.57,11.801242236,1
Anthony et al.,Journal of Experimental Marine Biology and Ecology,2000,Anthony et al. | Journal of Experimental Marine Biology and Ecology | 2000,Lumpenus sagitta,Chordata,Teleostei,Perciformes,Stichaeidae,Lumpenus,sagitta,Teleostei,4.55,5.4,Family,Stichaeidae,0.85,18.6813186813,1
Anthony et al.,Journal of Experimental Marine Biology and Ecology,2000,Anthony et al. | Journal of Experimental Marine Biology and Ecology | 2000,Microgadus proximus,Chordata,Teleostei,Gadiformes,Gadidae,Microgadus,proximus,Teleostei,3.1,4.7,Family,Gadidae,1.6,51.6129032258,2
Anthony et al.,Journal of Experimental Marine Biology and Ecology,2000,Anthony et al. | Journal of Experimental Marine Biology and Ecology | 2000,Microstomus pacificus,Chordata,Teleostei,Pleuronectiformes,Pleuronectidae,Microstomus,pacificus,Teleostei,2.86,5.8,Genus,Microstomus,2.94,102.7972027972,1
Anthony et al.,Journal of Experimental Marine Biology and Ecology,2000,Anthony et al. | Journal of Experimental Marine Biology and Ecology | 2000,Myoxocephalus jaok,Chordata,Teleostei,Scorpaeniformes,Cottidae,Myoxocephalus,jaok,Teleostei,3.24,4.35,Family,Cottidae,1.11,34.2592592593,1
Anthony et al.,Journal of Experimental Marine Biology and Ecology,2000,Anthony et al. | Journal of Experimental Marine Biology and Ecology | 2000,Myoxocephalus polyacanthocephalus,Chordata,Teleostei,Scorpaeniformes,Cottidae,Myoxocephalus,polyacanthocephalus,Teleostei,3.22,4.35,Family,Cottidae,1.13,35.0931677019,1
Anthony et al.,Journal of Experimental Marine Biology and Ecology,2000,Anthony et al. | Journal of Experimental Marine Biology and Ecology | 2000,Myoxocephalus quadricornis,Chordata,Teleostei,Scorpaeniformes,Cottidae,Myoxocephalus,quadricornis,Teleostei,3.48,4.35,Family,Cottidae,0.87,25.0,1
Anthony et al.,Journal of Experimental Marine Biology and Ecology,2000,Anthony et al. | Journal of Experimental Marine Biology and Ecology | 2000,Oligocottus maculosus,Chordata,Teleostei,Scorpaeniformes,Cottidae,Oligocottus,maculosus,Teleostei,4.295,4.35,Family,Cottidae,0.055,1.2805587893,2
Anthony et al.,Journal of Experimental Marine Biology and Ecology,2000,Anthony et al. | Journal of Experimental Marine Biology and Ecology | 2000,Oncorhynchus gorbuscha,Chordata,Teleostei,Salmoniformes,Salmonidae,Oncorhynchus,gorbuscha,Teleostei,3.57,5.62,Broad group,Teleostei,2.05,57.4229691877,3
Anthony et al.,Journal of Experimental Marine Biology and Ecology,2000,Anthony et al. | Journal of Experimental Marine Biology and Ecology | 2000,Oncorhynchus nerka,Chordata,Teleostei,Salmoniformes,Salmonidae,Oncorhynchus,nerka,Teleostei,4.375,5.62,Broad group,Teleostei,1.245,28.4571428571,2
Anthony et al.,Journal of Experimental Marine Biology and Ecology,2000,Anthony et al. | Journal of Experimental Marine Biology and Ecology | 2000,Pholis laeta,Chordata,Teleostei,Perciformes,Pholidae,Pholis,laeta,Teleostei,4.57,5.62,Broad group,Teleostei,1.05,22.9759299781,2
Anthony et al.,Journal of Experimental Marine Biology and Ecology,2000,Anthony et al. | Journal of Experimental Marine Biology and Ecology | 2000,Ronquilus jordani,Chordata,Teleostei,Perciformes,Bathymasteridae,Ronquilus,jordani,Teleostei,3.98,5.62,Broad group,Teleostei,1.64,41.2060301508,1
Anthony et al.,Journal of Experimental Marine Biology and Ecology,2000,Anthony et al. | Journal of Experimental Marine Biology and Ecology | 2000,Stenobrachius leucopsarus,Chordata,Teleostei,Myctophiformes,Myctophidae,Stenobrachius,leucopsarus,Teleostei,8.49,7.0,Family,Myctophidae,1.49,17.5500588928,1
Anthony et al.,Journal of Experimental Marine Biology and Ecology,2000,Anthony et al. | Journal of Experimental Marine Biology and Ecology | 2000,Stichaeus punctatus,Chordata,Teleostei,Perciformes,Stichaeidae,Stichaeus,punctatus,Teleostei,4.79,5.4,Family,Stichaeidae,0.61,12.7348643006,1
Anthony et al.,Journal of Experimental Marine Biology and Ecology,2000,Anthony et al. | Journal of Experimental Marine Biology and Ecology | 2000,Trichodon trichodon,Chordata,Teleostei,Perciformes,Trichodontidae,Trichodon,trichodon,Teleostei,3.92,5.62,Broad group,Teleostei,1.7,43.3673469388,3
Anthony et al.,Journal of Experimental Marine Biology and Ecology,2000,Anthony et al. | Journal of Experimental Marine Biology and Ecology | 2000,Triglops macellus,Chordata,Teleostei,Scorpaeniformes,Cottidae,Triglops,macellus,Teleostei,5.26,4.35,Family,Cottidae,0.91,17.3003802281,1
Anthony et al.,Journal of Experimental Marine Biology and Ecology,2000,Anthony et al. | Journal of Experimental Marine Biology and Ecology | 2000,Triglops pingeli,Chordata,Teleostei,Scorpaeniformes,Cottidae,Triglops,pingelii,Teleostei,4.8,4.35,Family,Cottidae,0.45,9.375,1
Anthony et al.,Journal of Experimental Marine Biology and Ecology,2000,Anthony et al. | Journal of Experimental Marine Biology and Ecology | 2000,Xiphister atropurpureus,Chordata,Teleostei,Perciformes,Stichaeidae,Xiphister,atropurpureus,Teleostei,4.11,5.4,Family,Stichaeidae,1.29,31.3868613139,1
Anthony et al.,Journal of Experimental Marine Biology and Ecology,2000,Anthony et al. | Journal of Experimental Marine Biology and Ecology | 2000,Zaprora silenus,Chordata,Teleostei,Perciformes,Zaproridae,Zaprora,silenus,Teleostei,2.925,5.62,Broad group,Teleostei,2.695,92.1367521368,2
Arai et al.,Journal of Experimental Marine Biology and Ecology,1989,Arai et al. | Journal of Experimental Marine Biology and Ecology | 1989,Aequorea victoria,Cnidaria,Hydrozoa,Leptothecatae,Aequoreidae,Aequorea,victoria,Cnidaria,0.0574,0.7,Broad group,Cnidaria,0.6426,1119.512195122,1
Atkinson and Wacasey,Environment Canada Fisheries and Marine Service Biological Station 3,1976,Atkinson and Wacasey | Environment Canada Fisheries and Marine Service Biological Station 3 | 1976,Alcyonidium gelatinosum,Bryozoa,Gymnolaemata,Ctenostomatida,Alcyonidiidae,Alcyonidium,gelatinosum,Other invertebrates,0.631,3.0,Broad group,Other invertebrates,2.369,375.4358161648,1
Atkinson and Wacasey,Environment Canada Fisheries and Marine Service Biological Station 3,1976,Atkinson and Wacasey | Environment Canada Fisheries and Marine Service Biological Station 3 | 1976,Arcturus baffini,Arthropoda,Malacostraca,Isopoda,Arctuidae,Arcturus,baffini,Crustacea,2.0,3.9,Broad group,Crustacea,1.9,95.0,1
Atkinson and Wacasey,Environment Canada Fisheries and Marine Service Biological Station 3,1976,Atkinson and Wacasey | Environment Canada Fisheries and Marine Service Biological Station 3 | 1976,Argis dentata,Arthropoda,Malacostraca,Decapoda,Crangonidae,Argis,dentata,Crustacea,3.03,3.9,Broad group,Crustacea,0.87,28.7128712871,1
Atkinson and Wacasey,Environment Canada Fisheries and Marine Service Biological Station 3,1976,Atkinson and Wacasey | Environment Canada Fisheries and Marine Service Biological Station 3 | 1976,Ascidia callosa,Chordata,Ascidiacea,Phlebobranchia,Ascidiidae,Ascidia,callosa,Other invertebrates,0.432,3.0,Broad group,Other invertebrates,2.568,594.4444444444,1
Atkinson and Wacasey,Environment Canada Fisheries and Marine Service Biological Station 3,1976,Atkinson and Wacasey | Environment Canada Fisheries and Marine Service Biological Station 3 | 1976,Astarte borealis,Mollusca,Bivalvia,Carditida,Astartidae,Astarte,borealis,Mollusca (non-cephalopods),0.948,2.14,Broad group,Mollusca (non-cephalopods),1.192,125.7383966245,1
Atkinson and Wacasey,Environment Canada Fisheries and Marine Service Biological Station 3,1976,Atkinson and Wacasey | Environment Canada Fisheries and Marine Service Biological Station 3 | 1976,Astarte montagui,Mollusca,Bivalvia,Carditida,Astartidae,Astarte,montagui,Mollusca (non-cephalopods),0.514,2.14,Broad group,Mollusca (non-cephalopods),1.626,316.3424124514,1
Atkinson and Wacasey,Environment Canada Fisheries and Marine Service Biological Station 3,1976,Atkinson and Wacasey | Environment Canada Fisheries and Marine Service Biological Station 3 | 1976,Balanus balanus,Arthropoda,Maxillopoda,Sessilia,Balanidae,Balanus,balanus,Crustacea,0.464,3.9,Broad group,Crustacea,3.436,740.5172413793,1
Atkinson and Wacasey,Environment Canada Fisheries and Marine Service Biological Station 3,1976,Atkinson and Wacasey | Environment Canada Fisheries and Marine Service Biological Station 3 | 1976,Boltenia ovifera,Chordata,Ascidiacea,Pleurogona,Pyuridae,Boltenia,ovifera,Other invertebrates,0.75,3.0,Broad group,Other invertebrates,2.25,300.0,1
Atkinson and Wacasey,Environment Canada Fisheries and Marine Service Biological Station 3,1976,Atkinson and Wacasey | Environment Canada Fisheries and Marine Service Biological Station 3 | 1976,Chlamys islandica,Mollusca,Bivalvia,Pectinida,Pectinidae,Chlamys,islandica,Mollusca (non-cephalopods),0.933,2.14,Broad group,Mollusca (non-cephalopods),1.207,129.3676312969,1
Atkinson and Wacasey,Environment Canada Fisheries and Marine Service Biological Station 3,1976,Atkinson and Wacasey | Environment Canada Fisheries and Marine Service Biological Station 3 | 1976,Ciona intestinalis,Chordata,Ascidiacea,Enterogona,Cionidae,Ciona,intestinalis,Other invertebrates,0.162,3.0,Broad group,Other invertebrates,2.838,1751.8518518519,1
Atkinson and Wacasey,Environment Canada Fisheries and Marine Service Biological Station 3,1976,Atkinson and Wacasey | Environment Canada Fisheries and Marine Service Biological Station 3 | 1976,Colus holbolli,Mollusca,Gastropoda,Neogastropoda,Buccinidae,Colus,holbolli,Mollusca (non-cephalopods),2.71,2.14,Broad group,Mollusca (non-cephalopods),0.57,21.0332103321,1
Atkinson and Wacasey,Environment Canada Fisheries and Marine Service Biological Station 3,1976,Atkinson and Wacasey | Environment Canada Fisheries and Marine Service Biological Station 3 | 1976,Colus islandicus,Mollusca,Gastropoda,Neogastropoda,Buccinidae,Colus,islandicus,Mollusca (non-cephalopods),2.98,2.14,Broad group,Mollusca (non-cephalopods),0.84,28.1879194631,1
Atkinson and Wacasey,Environment Canada Fisheries and Marine Service Biological Station 3,1976,Atkinson and Wacasey | Environment Canada Fisheries and Marine Service Biological Station 3 | 1976,Cylichna alba,Mollusca,Gastropoda,Cephalaspidea,Cylichnidae,Cylichna,alba,Mollusca (non-cephalopods),1.69,2.14,Broad group,Mollusca (non-cephalopods),0.45,26.6272189349,1
Atkinson and Wacasey,Environment Canada Fisheries and Marine Service Biological Station 3,1976,Atkinson and Wacasey | Environment Canada Fisheries and Marine Service Biological Station 3 | 1976,Delectopecten greenlandicus,Mollusca,Bivalvia,Pectinida,Pectinidae,Delectopecten,greenlandicus,Mollusca (non-cephalopods),0.921,2.14,Broad group,Mollusca (non-cephalopods),1.219,132.3561346363,1
Atkinson and Wacasey,Environment Canada Fisheries and Marine Service Biological Station 3,1976,Atkinson and Wacasey | Environment Canada Fisheries and Marine Service Biological Station 3 | 1976,Diastylis goodsiri,Arthropoda,Malacostraca,Cumacea,Diastylidae,Diastylis,goodsiri,Crustacea,1.43,3.9,Broad group,Crustacea,2.47,172.7272727273,1
Atkinson and Wacasey,Environment Canada Fisheries and Marine Service Biological Station 3,1976,Atkinson and Wacasey | Environment Canada Fisheries and Marine Service Biological Station 3 | 1976,Enipo gracilis,Annelida,Polychaeta,Phyllodocida,Polynoidae,Enipo,gracilis,Annelida,2.16,1.28,Broad group,Annelida,0.88,40.7407407407,1
Atkinson and Wacasey,Environment Canada Fisheries and Marine Service Biological Station 3,1976,Atkinson and Wacasey | Environment Canada Fisheries and Marine Service Biological Station 3 | 1976,Eualus gaimardii,Arthropoda,Malacostraca,Decapoda,Thoridae,Eualus,gaimardii,Crustacea,2.34,3.9,Broad group,Crustacea,1.56,66.6666666667,1
Atkinson and Wacasey,Environment Canada Fisheries and Marine Service Biological Station 3,1976,Atkinson and Wacasey | Environment Canada Fisheries and Marine Service Biological Station 3 | 1976,Harmothoe nodosa,Annelida,Polychaeta,Phyllodocida,Polynoidae,Harmothoe,nodosa,Annelida,2.86,1.28,Broad group,Annelida,1.58,55.2447552448,1
Atkinson and Wacasey,Environment Canada Fisheries and Marine Service Biological Station 3,1976,Atkinson and Wacasey | Environment Canada Fisheries and Marine Service Biological Station 3 | 1976,Hemithiris psittacea,Brachiopoda,Rhynchonellata,Rhynchonellida,Hemithyrididae,Hemithiris,psittacea,Other invertebrates,0.246,3.0,Broad group,Other invertebrates,2.754,1119.512195122,1
Atkinson and Wacasey,Environment Canada Fisheries and Marine Service Biological Station 3,1976,Atkinson and Wacasey | Environment Canada Fisheries and Marine Service Biological Station 3 | 1976,Hiatella arctica,Mollusca,Bivalvia,Solenida,Hiatellidae,Hiatella,arctica,Mollusca (non-cephalopods),0.971,2.14,Broad group,Mollusca (non-cephalopods),1.169,120.3913491246,1
Atkinson and Wacasey,Environment Canada Fisheries and Marine Service Biological Station 3,1976,Atkinson and Wacasey | Environment Canada Fisheries and Marine Service Biological Station 3 | 1976,Kuekenthalis borealis,Chordata,Ascidiacea,Pleurogona,Styelidae,Kuekenthalis,borealis,Other invertebrates,0.554,3.0,Broad group,Other invertebrates,2.446,441.5162454874,1
Atkinson and Wacasey,Environment Canada Fisheries and Marine Service Biological Station 3,1976,Atkinson and Wacasey | Environment Canada Fisheries and Marine Service Biological Station 3 | 1976,Margarites groenlandicus,Mollusca,Gastropoda,Trochida,Trochidae,Margarites,groenlandicus,Mollusca (non-cephalopods),3.05,2.14,Broad group,Mollusca (non-cephalopods),0.91,29.8360655738,1
Atkinson and Wacasey,Environment Canada Fisheries and Marine Service Biological Station 3,1976,Atkinson and Wacasey | Environment Canada Fisheries and Marine Service Biological Station 3 | 1976,Margarites olivaceus,Mollusca,Gastropoda,Trochida,Trochidae,Margarites,olivaceus,Mollusca (non-cephalopods),2.28,2.14,Broad group,Mollusca (non-cephalopods),0.14,6.1403508772,1
Atkinson and Wacasey,Environment Canada Fisheries and Marine Service Biological Station 3,1976,Atkinson and Wacasey | Environment Canada Fisheries and Marine Service Biological Station 3 | 1976,Margarites umbilicalis,Mollusca,Gastropoda,Trochida,Trochidae,Margarites,umbilicalis,Mollusca (non-cephalopods),2.89,2.14,Broad group,Mollusca (non-cephalopods),0.75,25.9515570934,1
Atkinson and Wacasey,Environment Canada Fisheries and Marine Service Biological Station 3,1976,Atkinson and Wacasey | Environment Canada Fisheries and Marine Service Biological Station 3 | 1976,Musculus discors,Mollusca,Bivalvia,Mytilida,Mytilidae,Musculus,discors,Mollusca (non-cephalopods),1.92,2.14,Broad group,Mollusca (non-cephalopods),0.22,11.4583333333,1
Atkinson and Wacasey,Environment Canada Fisheries and Marine Service Biological Station 3,1976,Atkinson and Wacasey | Environment Canada Fisheries and Marine Service Biological Station 3 | 1976,Musculus niger,Mollusca,Bivalvia,Mytilida,Mytilidae,Musculus,niger,Mollusca (non-cephalopods),1.51,2.14,Broad group,Mollusca (non-cephalopods),0.63,41.7218543046,1
Atkinson and Wacasey,Environment Canada Fisheries and Marine Service Biological Station 3,1976,Atkinson and Wacasey | Environment Canada Fisheries and Marine Service Biological Station 3 | 1976,Mya truncata,Mollusca,Bivalvia,Myida,Myidae,Mya,truncata,Mollusca (non-cephalopods),1.26,2.14,Broad group,Mollusca (non-cephalopods),0.88,69.8412698413,1
Atkinson and Wacasey,Environment Canada Fisheries and Marine Service Biological Station 3,1976,Atkinson and Wacasey | Environment Canada Fisheries and Marine Service Biological Station 3 | 1976,Mytilus edulis,Mollusca,Bivalvia,Mytilida,Mytilidae,Mytilus,edulis,Mollusca (non-cephalopods),1.02,2.14,Broad group,Mollusca (non-cephalopods),1.12,109.8039215686,1
Atkinson and Wacasey,Environment Canada Fisheries and Marine Service Biological Station 3,1976,Atkinson and Wacasey | Environment Canada Fisheries and Marine Service Biological Station 3 | 1976,Natica clausa,Mollusca,Gastropoda,Littorinida,Naticidae,Natica,clausa,Mollusca (non-cephalopods),3.57,2.14,Broad group,Mollusca (non-cephalopods),1.43,40.056022409,1
Atkinson and Wacasey,Environment Canada Fisheries and Marine Service Biological Station 3,1976,Atkinson and Wacasey | Environment Canada Fisheries and Marine Service Biological Station 3 | 1976,Neptunea despecta,Mollusca,Gastropoda,Neogastropoda,Buccinidae,Neptunea,despecta,Mollusca (non-cephalopods),2.71,2.14,Broad group,Mollusca (non-cephalopods),0.57,21.0332103321,1
Atkinson and Wacasey,Environment Canada Fisheries and Marine Service Biological Station 3,1976,Atkinson and Wacasey | Environment Canada Fisheries and Marine Service Biological Station 3 | 1976,Nicomache lumbricalis,Annelida,Polychaeta,,Maldanidae,Nicomache,lumbricalis,Annelida,0.712,1.28,Broad group,Annelida,0.568,79.7752808989,1
Atkinson and Wacasey,Environment Canada Fisheries and Marine Service Biological Station 3,1976,Atkinson and Wacasey | Environment Canada Fisheries and Marine Service Biological Station 3 | 1976,Nuculana minuta,Mollusca,Bivalvia,Nuculanida,Nuculanidae,Nuculana,minuta,Mollusca (non-cephalopods),1.58,2.14,Broad group,Mollusca (non-cephalopods),0.56,35.4430379747,1
Atkinson and Wacasey,Environment Canada Fisheries and Marine Service Biological Station 3,1976,Atkinson and Wacasey | Environment Canada Fisheries and Marine Service Biological Station 3 | 1976,Nuculana pernula,Mollusca,Bivalvia,Nuculanida,Nuculanidae,Nuculana,pernula,Mollusca (non-cephalopods),1.71,2.14,Broad group,Mollusca (non-cephalopods),0.43,25.1461988304,1
Atkinson and Wacasey,Environment Canada Fisheries and Marine Service Biological Station 3,1976,Atkinson and Wacasey | Environment Canada Fisheries and Marine Service Biological Station 3 | 1976,Nymphon hirtipes,Arthropoda,Pycnogonida,Pantopoda,Nymphonidae,Nymphon,hirtipes,Other invertebrates,1.77,3.0,Broad group,Other invertebrates,1.23,69.4915254237,1
Atkinson and Wacasey,Environment Canada Fisheries and Marine Service Biological Station 3,1976,Atkinson and Wacasey | Environment Canada Fisheries and Marine Service Biological Station 3 | 1976,Pista maculata,Annelida,Polychaeta,Terebellida,Terebellidae,Pista,maculata,Annelida,0.21,1.28,Broad group,Annelida,1.07,509.5238095238,1
Atkinson and Wacasey,Environment Canada Fisheries and Marine Service Biological Station 3,1976,Atkinson and Wacasey | Environment Canada Fisheries and Marine Service Biological Station 3 | 1976,Rhizomolgula globularis,Chordata,Ascidiacea,Stolidobranchia,Molgulidae,Rhizomolgula,globularis,Other invertebrates,0.344,3.0,Broad group,Other invertebrates,2.656,772.0930232558,1
Atkinson and Wacasey,Environment Canada Fisheries and Marine Service Biological Station 3,1976,Atkinson and Wacasey | Environment Canada Fisheries and Marine Service Biological Station 3 | 1976,Sabinea septemcarinata,Arthropoda,Malacostraca,Decapoda,Crangonidae,Sabinea,septemcarinata,Crustacea,3.14,3.9,Broad group,Crustacea,0.76,24.2038216561,1
Atkinson and Wacasey,Environment Canada Fisheries and Marine Service Biological Station 3,1976,Atkinson and Wacasey | Environment Canada Fisheries and Marine Service Biological Station 3 | 1976,Saduria entomon,Arthropoda,Malacostraca,Isopoda,Chaetiliidae,Saduria,entomon,Crustacea,2.26,3.9,Broad group,Crustacea,1.64,72.5663716814,1
Atkinson and Wacasey,Environment Canada Fisheries and Marine Service Biological Station 3,1976,Atkinson and Wacasey | Environment Canada Fisheries and Marine Service Biological Station 3 | 1976,Saduria sabini,Arthropoda,Malacostraca,Isopoda,Chaetiliidae,Saduria,sabini,Crustacea,2.28,3.9,Broad group,Crustacea,1.62,71.0526315789,1
Atkinson and Wacasey,Environment Canada Fisheries and Marine Service Biological Station 3,1976,Atkinson and Wacasey | Environment Canada Fisheries and Marine Service Biological Station 3 | 1976,Scabrotrophon fabricii,Mollusca,Gastropoda,Neogastropoda,Muricidae,Scabrotrophon,fabricii,Mollusca (non-cephalopods),2.15,2.14,Broad group,Mollusca (non-cephalopods),0.01,0.4651162791,1
Atkinson and Wacasey,Environment Canada Fisheries and Marine Service Biological Station 3,1976,Atkinson and Wacasey | Environment Canada Fisheries and Marine Service Biological Station 3 | 1976,Sclerocrangon boreas,Arthropoda,Malacostraca,Decapoda,Crangonidae,Sclerocrangon,boreas,Crustacea,3.63,3.9,Broad group,Crustacea,0.27,7.4380165289,1
Atkinson and Wacasey,Environment Canada Fisheries and Marine Service Biological Station 3,1976,Atkinson and Wacasey | Environment Canada Fisheries and Marine Service Biological Station 3 | 1976,Serripes groenlandicus,Mollusca,Bivalvia,Cardiida,Cardiidae,Serripes,groenlandicus,Mollusca (non-cephalopods),0.734,1.57,Family,Cardiidae,0.836,113.8964577657,1
Atkinson and Wacasey,Environment Canada Fisheries and Marine Service Biological Station 3,1976,Atkinson and Wacasey | Environment Canada Fisheries and Marine Service Biological Station 3 | 1976,Spirontocaris spinus,Arthropoda,Malacostraca,Decapoda,Thoridae,Spirontocaris,spinus,Crustacea,3.13,3.9,Broad group,Crustacea,0.77,24.6006389776,1
Atkinson and Wacasey,Environment Canada Fisheries and Marine Service Biological Station 3,1976,Atkinson and Wacasey | Environment Canada Fisheries and Marine Service Biological Station 3 | 1976,Stegocephalus inflatus,Arthropoda,Malacostraca,Amphipoda,Stegocephalidae,Stegocephalus,inflatus,Crustacea,2.88,3.9,Broad group,Crustacea,1.02,35.4166666667,1
Atkinson and Wacasey,Environment Canada Fisheries and Marine Service Biological Station 3,1976,Atkinson and Wacasey | Environment Canada Fisheries and Marine Service Biological Station 3 | 1976,Styela rustica,Chordata,Ascidiacea,Pleurogona,Styelidae,Styela,rustica,Other invertebrates,0.757,3.0,Broad group,Other invertebrates,2.243,296.3011889036,1
Atkinson and Wacasey,Environment Canada Fisheries and Marine Service Biological Station 3,1976,Atkinson and Wacasey | Environment Canada Fisheries and Marine Service Biological Station 3 | 1976,Tachyrhynchus reticulatus,Mollusca,Gastropoda,Cerithiida,Turritellidae,Tachyrhynchus,reticulatus,Mollusca (non-cephalopods),1.35,2.14,Broad group,Mollusca (non-cephalopods),0.79,58.5185185185,1
Atkinson and Wacasey,Environment Canada Fisheries and Marine Service Biological Station 3,1976,Atkinson and Wacasey | Environment Canada Fisheries and Marine Service Biological Station 3 | 1976,Tubularia regalis,Cnidaria,Hydrozoa,Anthoathecatae,Tubulariidae,Tubularia,regalis,Cnidaria,2.25,0.7,Broad group,Cnidaria,1.55,68.8888888889,1
Atkinson and Wacasey,Environment Canada Fisheries and Marine Service Biological Station 3,1976,Atkinson and Wacasey | Environment Canada Fisheries and Marine Service Biological Station 3 | 1976,Velutina undata,Mollusca,Gastropoda,Cypraeida,Velutinidae,Velutina,undata,Mollusca (non-cephalopods),1.83,2.14,Broad group,Mollusca (non-cephalopods),0.31,16.9398907104,1
Atkinson and Wacasey,Environment Canada Fisheries and Marine Service Biological Station 3,1976,Atkinson and Wacasey | Environment Canada Fisheries and Marine Service Biological Station 3 | 1976,Velutina velutina,Mollusca,Gastropoda,Cypraeida,Velutinidae,Velutina,velutina,Mollusca (non-cephalopods),1.75,2.14,Broad group,Mollusca (non-cephalopods),0.39,22.2857142857,1
Atkinson and Wacasey,Environment Canada Fisheries and Marine Service Biological Station 3,1976,Atkinson and Wacasey | Environment Canada Fisheries and Marine Service Biological Station 3 | 1976,Yoldiella intermedia,Mollusca,Bivalvia,Nuculanida,Yoldiidae,Yoldiella,intermedia,Mollusca (non-cephalopods),1.71,2.505,Family,Yoldiidae,0.795,46.4912280702,1
Bailey and Robison,Marine Biology,1986,Bailey and Robison | Marine Biology | 1986,Argyropelecus affinis,Chordata,Teleostei,Stomiiformes,Sternoptychidae,Argyropelecus,affinis,Teleostei,3.82,3.5,Genus,Argyropelecus,0.32,8.3769633508,1
Bailey and Robison,Marine Biology,1986,Bailey and Robison | Marine Biology | 1986,Argyropelecus sladeni,Chordata,Teleostei,Stomiiformes,Sternoptychidae,Argyropelecus,sladeni,Teleostei,4.01,3.5,Genus,Argyropelecus,0.51,12.7182044888,1
Bailey and Robison,Marine Biology,1986,Bailey and Robison | Marine Biology | 1986,Ceratoscopelus townsendi,Chordata,Teleostei,Myctophiformes,Myctophidae,Ceratoscopelus,townsendi,Teleostei,7.16,7.0,Family,Myctophidae,0.16,2.2346368715,1
Bailey and Robison,Marine Biology,1986,Bailey and Robison | Marine Biology | 1986,Cyclothone acclinidens,Chordata,Teleostei,Stomiiformes,Gonostomatidae,Cyclothone,acclinidens,Teleostei,4.12,5.62,Broad group,Teleostei,1.5,36.4077669903,1
Bailey and Robison,Marine Biology,1986,Bailey and Robison | Marine Biology | 1986,Cyclothone signata,Chordata,Teleostei,Stomiiformes,Gonostomatidae,Cyclothone,signata,Teleostei,2.88,5.62,Broad group,Teleostei,2.74,95.1388888889,1
Bailey and Robison,Marine Biology,1986,Bailey and Robison | Marine Biology | 1986,Cyema atrum,Chordata,Teleostei,Saccopharyngiformes,Cyematidae,Cyema,atrum,Teleostei,3.67,5.62,Broad group,Teleostei,1.95,53.1335149864,1
Bailey and Robison,Marine Biology,1986,Bailey and Robison | Marine Biology | 1986,Idiacanthus antrostomus,Chordata,Teleostei,Stomiiformes,Stomiidae,Idiacanthus,antrostomus,Teleostei,4.08,2.8,Family,Stomiidae,1.28,31.3725490196,1
Bailey and Robison,Marine Biology,1986,Bailey and Robison | Marine Biology | 1986,Lampanyctus regalis,Chordata,Teleostei,Myctophiformes,Myctophidae,Lampanyctus,regalis,Teleostei,4.18,4.1,Genus,Lampanyctus,0.08,1.9138755981,1
Bailey and Robison,Marine Biology,1986,Bailey and Robison | Marine Biology | 1986,Lampanyctus ritteri,Chordata,Teleostei,Myctophiformes,Myctophidae,Lampanyctus,ritteri,Teleostei,7.61,4.1,Genus,Lampanyctus,3.51,46.123521682,1
Bailey and Robison,Marine Biology,1986,Bailey and Robison | Marine Biology | 1986,Poromitra crassiceps,Chordata,Teleostei,Stephanoberyciformes,Melamphaidae,Poromitra,crassiceps,Teleostei,3.82,5.62,Broad group,Teleostei,1.8,47.1204188482,1
Bailey and Robison,Marine Biology,1986,Bailey and Robison | Marine Biology | 1986,Sternoptyx diaphana,Chordata,Teleostei,Stomiiformes,Sternoptychidae,Sternoptyx,diaphana,Teleostei,2.73,3.85,Family,Sternoptychidae,1.12,41.0256410256,1
Ball et al.,Polar Biology,2007,Ball et al. | Polar Biology | 2007,Boreogadus saida,Chordata,Teleostei,Gadiformes,Gadidae,Boreogadus,saida,Teleostei,2.57,4.7,Family,Gadidae,2.13,82.8793774319,1
Ball et al.,Polar Biology,2007,Ball et al. | Polar Biology | 2007,Coregonus sardinella,Chordata,Teleostei,Salmoniformes,Salmonidae,Coregonus,sardinella,Teleostei,5.15,5.62,Broad group,Teleostei,0.47,9.1262135922,1
Ball et al.,Polar Biology,2007,Ball et al. | Polar Biology | 2007,Eleginus gracilis,Chordata,Teleostei,Gadiformes,Gadidae,Eleginus,gracilis,Teleostei,3.005,4.7,Family,Gadidae,1.695,56.4059900166,2
Ball et al.,Polar Biology,2007,Ball et al. | Polar Biology | 2007,Gasterosteus aculeatus,Chordata,Teleostei,Gasterosteiformes,Gasterosteidae,Gasterosteus,aculeatus,Teleostei,2.99,5.62,Broad group,Teleostei,2.63,87.9598662207,1
Ball et al.,Polar Biology,2007,Ball et al. | Polar Biology | 2007,Hypomesus olidus,Chordata,Teleostei,Osmeriformes,Osmeridae,Hypomesus,olidus,Teleostei,4.51,9.04,Family,Osmeridae,4.53,100.44345898,2
Ball et al.,Polar Biology,2007,Ball et al. | Polar Biology | 2007,Liopsetta glacialis,Chordata,Teleostei,Pleuronectiformes,Pleuronectidae,Liopsetta,glacialis,Teleostei,3.505,5.6,Family,Pleuronectidae,2.095,59.7717546362,2
Ball et al.,Polar Biology,2007,Ball et al. | Polar Biology | 2007,Megalocottus platycephalus,Chordata,Teleostei,Scorpaeniformes,Cottidae,Megalocottus,platycephalus,Teleostei,2.97,4.35,Family,Cottidae,1.38,46.4646464646,2
Ball et al.,Polar Biology,2007,Ball et al. | Polar Biology | 2007,Occella dodecaedron,Chordata,Teleostei,Scorpaeniformes,Agonidae,Occella,dodecaedron,Teleostei,3.04,5.62,Broad group,Teleostei,2.58,84.8684210526,2
Ball et al.,Polar Biology,2007,Ball et al. | Polar Biology | 2007,Osmerus mordax,Chordata,Teleostei,Osmeriformes,Osmeridae,Osmerus,mordax,Teleostei,3.685,9.04,Family,Osmeridae,5.355,145.3188602442,2
Ball et al.,Polar Biology,2007,Ball et al. | Polar Biology | 2007,Platichthys stellatus,Chordata,Teleostei,Pleuronectiformes,Pleuronectidae,Platichthys,stellatus,Teleostei,3.34,5.6,Family,Pleuronectidae,2.26,67.6646706587,1
Ball et al.,Polar Biology,2007,Ball et al. | Polar Biology | 2007,Pungitius pungitius,Chordata,Teleostei,Gasterosteiformes,Gasterosteidae,Pungitius,pungitius,Teleostei,4.68,5.62,Broad group,Teleostei,0.94,20.0854700855,1
Bando,Thesis--University of Alaska Fairbanks,2002,Bando | Thesis--University of Alaska Fairbanks | 2002,Enteroctopus dofleini,Mollusca,Cephalopoda,Octopoda,Octopodidae,Enteroctopus,dofleini,Cephalopoda,2.93,4.7,Family,Octopodidae,1.77,60.409556314,1
Bando,Thesis--University of Alaska Fairbanks,2002,Bando | Thesis--University of Alaska Fairbanks | 2002,Gadus chalcogrammus,Chordata,Teleostei,Gadiformes,Gadidae,Gadus,chalcogrammus,Teleostei,4.6,4.7,Family,Gadidae,0.1,2.1739130435,1
Bando,Thesis--University of Alaska Fairbanks,2002,Bando | Thesis--University of Alaska Fairbanks | 2002,Gadus macrocephalus,Chordata,Teleostei,Gadiformes,Gadidae,Gadus,macrocephalus,Teleostei,4.18,4.7,Family,Gadidae,0.52,12.4401913876,1
Bando,Thesis--University of Alaska Fairbanks,2002,Bando | Thesis--University of Alaska Fairbanks | 2002,Loligo opalescens,Mollusca,Cephalopoda,Teuthida,Loliginidae,Loligo,opalescens,Cephalopoda,4.6,4.7,Genus,Loligo,0.1,2.1739130435,1
Bando,Thesis--University of Alaska Fairbanks,2002,Bando | Thesis--University of Alaska Fairbanks | 2002,Microstomus pacificus,Chordata,Teleostei,Pleuronectiformes,Pleuronectidae,Microstomus,pacificus,Teleostei,7.11,5.8,Genus,Microstomus,1.31,18.4247538678,1
Bando,Thesis--University of Alaska Fairbanks,2002,Bando | Thesis--University of Alaska Fairbanks | 2002,Oncorhynchus gorbuscha,Chordata,Teleostei,Salmoniformes,Salmonidae,Oncorhynchus,gorbuscha,Teleostei,8.37,5.62,Broad group,Teleostei,2.75,32.8554360812,1
Bando,Thesis--University of Alaska Fairbanks,2002,Bando | Thesis--University of Alaska Fairbanks | 2002,Paraplagusia bilineata,Chordata,Teleostei,Pleuronectiformes,Cynoglossidae,Paraplagusia,bilineata,Teleostei,4.18,5.62,Broad group,Teleostei,1.44,34.4497607656,1
Boldt,Dissertation--University of Alaska Fairbanks,2001,Boldt | Dissertation--University of Alaska Fairbanks | 2001,Oncorhynchus gorbuscha,Chordata,Teleostei,Salmoniformes,Salmonidae,Oncorhynchus,gorbuscha,Teleostei,4.1,5.62,Broad group,Teleostei,1.52,37.0731707317,3
Bryan et al.,Marine Biology,1995,Bryan et al. | Marine Biology | 1995,Clione antarctica,Mollusca,Gastropoda,Pteropoda,Clionidae,Clione,antarctica,Mollusca (non-cephalopods),2.92,2.14,Broad group,Mollusca (non-cephalopods),0.78,26.7123287671,1
Bunce,ICES Journal of Marine Science,2001,Bunce | ICES Journal of Marine Science | 2001,Engraulis australis,Chordata,Teleostei,Clupeiformes,Engraulidae,Engraulis,australis,Teleostei,5.2,6.825,Genus,Engraulis,1.625,31.25,1
Bunce,ICES Journal of Marine Science,2001,Bunce | ICES Journal of Marine Science | 2001,Hyporhamphus melanochir,Chordata,Teleostei,Beloniformes,Hemiramphidae,Hyporhamphus,melanochir,Teleostei,5.7,5.83,Genus,Hyporhamphus,0.13,2.2807017544,1
Bunce,ICES Journal of Marine Science,2001,Bunce | ICES Journal of Marine Science | 2001,Thyrsites atun,Chordata,Teleostei,Perciformes,Gempylidae,Thyrsites,atun,Teleostei,7.1,5.62,Broad group,Teleostei,1.48,20.8450704225,1
Butler and Pearcy,Journal of the Fisheries Research Board of Canada,1972,Butler and Pearcy | Journal of the Fisheries Research Board of Canada | 1972,Diaphus theta,Chordata,Teleostei,Myctophiformes,Myctophidae,Diaphus,theta,Teleostei,10.5,7.0,Family,Myctophidae,3.5,33.3333333333,1
Butler and Pearcy,Journal of the Fisheries Research Board of Canada,1972,Butler and Pearcy | Journal of the Fisheries Research Board of Canada | 1972,Nannobrachium ritteri,Chordata,Teleostei,Myctophiformes,Myctophidae,Nannobrachium,ritteri,Teleostei,9.29,7.0,Family,Myctophidae,2.29,24.6501614639,1
Butler and Pearcy,Journal of the Fisheries Research Board of Canada,1972,Butler and Pearcy | Journal of the Fisheries Research Board of Canada | 1972,Stenobrachius leucopsarus,Chordata,Teleostei,Myctophiformes,Myctophidae,Stenobrachius,leucopsarus,Teleostei,9.67,7.0,Family,Myctophidae,2.67,27.6111685626,1
Callahan,Thesis--University of Alaska Fairbanks,2020,Callahan | Thesis--University of Alaska Fairbanks | 2020,Anoplopoma fimbria,Chordata,Teleostei,Scorpaeniformes,Anoplopomatidae,Anoplopoma,fimbria,Teleostei,3.6,5.62,Broad group,Teleostei,2.02,56.1111111111,1
Callahan,Thesis--University of Alaska Fairbanks,2020,Callahan | Thesis--University of Alaska Fairbanks | 2020,Cymatogaster aggregata,Chordata,Teleostei,Perciformes,Embiotocidae,Cymatogaster,aggregata,Teleostei,5.3,5.62,Broad group,Teleostei,0.32,6.0377358491,1
Callahan,Thesis--University of Alaska Fairbanks,2020,Callahan | Thesis--University of Alaska Fairbanks | 2020,Hexagrammos decagrammus,Chordata,Teleostei,Scorpaeniformes,Hexagrammidae,Hexagrammos,decagrammus,Teleostei,3.4,4.0,Family,Hexagrammidae,0.6,17.6470588235,1
Callahan,Thesis--University of Alaska Fairbanks,2020,Callahan | Thesis--University of Alaska Fairbanks | 2020,Loligo opalescens,Mollusca,Cephalopoda,Teuthida,Loliginidae,Loligo,opalescens,Cephalopoda,4.3,4.7,Genus,Loligo,0.4,9.3023255814,1
Callahan,Thesis--University of Alaska Fairbanks,2020,Callahan | Thesis--University of Alaska Fairbanks | 2020,Microgadus proximus,Chordata,Teleostei,Gadiformes,Gadidae,Microgadus,proximus,Teleostei,4.2,4.7,Family,Gadidae,0.5,11.9047619048,1
Callahan,Thesis--University of Alaska Fairbanks,2020,Callahan | Thesis--University of Alaska Fairbanks | 2020,Microstomus pacificus,Chordata,Teleostei,Pleuronectiformes,Pleuronectidae,Microstomus,pacificus,Teleostei,3.1,5.8,Genus,Microstomus,2.7,87.0967741935,1
Campos et al.,Marine Ecology Progress Series,2021,Campos et al. | Marine Ecology Progress Series | 2021,Carcinus maenas,Arthropoda,Malacostraca,Decapoda,Portunidae,Carcinus,maenas,Crustacea,7.66,5.55,Family,Portunidae,2.11,27.545691906,3
Cardona et al.,PLOS One,2012,Cardona et al. | PLOS One | 2012,Pelagia noctiluca,Cnidaria,Scyphozoa,Semaeostomeae,Pelagiidae,Pelagia,noctiluca,Cnidaria,0.41,0.7,Broad group,Cnidaria,0.29,70.7317073171,1
Cardona et al.,PLOS One,2012,Cardona et al. | PLOS One | 2012,Salpa maxima,Chordata,Thaliacea,Salpida,Salpidae,Salpa,maxima,Other invertebrates,0.43,3.0,Broad group,Other invertebrates,2.57,597.6744186047,1
Childress and Nygaard,Deep-Sea Research,1973,Childress and Nygaard | Deep-Sea Research | 1973,Anoplogaster cornuta,Chordata,Teleostei,Beryciformes,Anoplogastridae,Anoplogaster,cornuta,Teleostei,2.58,5.62,Broad group,Teleostei,3.04,117.8294573643,1
Childress and Nygaard,Deep-Sea Research,1973,Childress and Nygaard | Deep-Sea Research | 1973,Argyropelecus affinis,Chordata,Teleostei,Stomiiformes,Sternoptychidae,Argyropelecus,affinis,Teleostei,4.85,3.5,Genus,Argyropelecus,1.35,27.8350515464,1
Childress and Nygaard,Deep-Sea Research,1973,Childress and Nygaard | Deep-Sea Research | 1973,Argyropelecus lychnus,Chordata,Teleostei,Stomiiformes,Sternoptychidae,Argyropelecus,lychnus,Teleostei,3.56,3.5,Genus,Argyropelecus,0.06,1.6853932584,1
Childress and Nygaard,Deep-Sea Research,1973,Childress and Nygaard | Deep-Sea Research | 1973,Argyropelecus sladeni,Chordata,Teleostei,Stomiiformes,Sternoptychidae,Argyropelecus,sladeni,Teleostei,4.03,3.5,Genus,Argyropelecus,0.53,13.1513647643,1
Childress and Nygaard,Deep-Sea Research,1973,Childress and Nygaard | Deep-Sea Research | 1973,Bathylagus milleri,Chordata,Teleostei,Osmeriformes,Bathylagidae,Bathylagus,milleri,Teleostei,2.49,5.62,Broad group,Teleostei,3.13,125.702811245,1
Childress and Nygaard,Deep-Sea Research,1973,Childress and Nygaard | Deep-Sea Research | 1973,Bathylagus wesethi,Chordata,Teleostei,Osmeriformes,Bathylagidae,Bathylagus,wesethi,Teleostei,2.85,5.62,Broad group,Teleostei,2.77,97.1929824561,1
Childress and Nygaard,Deep-Sea Research,1973,Childress and Nygaard | Deep-Sea Research | 1973,Borostomias panamensis,Chordata,Teleostei,Stomiiformes,Stomiidae,Borostomias,panamensis,Teleostei,2.66,2.8,Family,Stomiidae,0.14,5.2631578947,1
Childress and Nygaard,Deep-Sea Research,1973,Childress and Nygaard | Deep-Sea Research | 1973,Cyclothone acclinidens,Chordata,Teleostei,Stomiiformes,Gonostomatidae,Cyclothone,acclinidens,Teleostei,3.95,5.62,Broad group,Teleostei,1.67,42.2784810127,1
Childress and Nygaard,Deep-Sea Research,1973,Childress and Nygaard | Deep-Sea Research | 1973,Diaphus theta,Chordata,Teleostei,Myctophiformes,Myctophidae,Diaphus,theta,Teleostei,8.57,7.0,Family,Myctophidae,1.57,18.3197199533,1
Childress and Nygaard,Deep-Sea Research,1973,Childress and Nygaard | Deep-Sea Research | 1973,Idiacanthus antrostomus,Chordata,Teleostei,Stomiiformes,Stomiidae,Idiacanthus,antrostomus,Teleostei,3.08,2.8,Family,Stomiidae,0.28,9.0909090909,1
Childress and Nygaard,Deep-Sea Research,1973,Childress and Nygaard | Deep-Sea Research | 1973,Lampanyctus regalis,Chordata,Teleostei,Myctophiformes,Myctophidae,Lampanyctus,regalis,Teleostei,2.41,4.1,Genus,Lampanyctus,1.69,70.1244813278,1
Childress and Nygaard,Deep-Sea Research,1973,Childress and Nygaard | Deep-Sea Research | 1973,Lampanyctus ritteri,Chordata,Teleostei,Myctophiformes,Myctophidae,Lampanyctus,ritteri,Teleostei,6.94,4.1,Genus,Lampanyctus,2.84,40.9221902017,1
Childress and Nygaard,Deep-Sea Research,1973,Childress and Nygaard | Deep-Sea Research | 1973,Leuroglossus stilbius,Chordata,Teleostei,Osmeriformes,Bathylagidae,Leuroglossus,stilbius,Teleostei,3.9,5.62,Broad group,Teleostei,1.72,44.1025641026,1
Childress and Nygaard,Deep-Sea Research,1973,Childress and Nygaard | Deep-Sea Research | 1973,Melanostigma pammelas,Chordata,Teleostei,Perciformes,Zoarcidae,Melanostigma,pammelas,Teleostei,3.46,5.62,Broad group,Teleostei,2.16,62.4277456647,1
Childress and Nygaard,Deep-Sea Research,1973,Childress and Nygaard | Deep-Sea Research | 1973,Oneirodes acanthias,Chordata,Teleostei,Lophiiformes,Oneirodidae,Oneirodes,acanthias,Teleostei,1.57,5.62,Broad group,Teleostei,4.05,257.9617834395,1
Childress and Nygaard,Deep-Sea Research,1973,Childress and Nygaard | Deep-Sea Research | 1973,Poromitra crassiceps,Chordata,Teleostei,Stephanoberyciformes,Melamphaidae,Poromitra,crassiceps,Teleostei,1.67,5.62,Broad group,Teleostei,3.95,236.5269461078,1
Childress and Nygaard,Deep-Sea Research,1973,Childress and Nygaard | Deep-Sea Research | 1973,Sagamichthys abei,Chordata,Teleostei,Osmeriformes,Platytroctidae,Sagamichthys,abei,Teleostei,1.69,2.6,Family,Platytroctidae,0.91,53.8461538462,1
Childress and Nygaard,Deep-Sea Research,1973,Childress and Nygaard | Deep-Sea Research | 1973,Scopelengys tristis,Chordata,Teleostei,Myctophiformes,Neoscopelidae,Scopelengys,tristis,Teleostei,4.38,5.62,Broad group,Teleostei,1.24,28.3105022831,1
Childress and Nygaard,Deep-Sea Research,1973,Childress and Nygaard | Deep-Sea Research | 1973,Scopelogadus mizolepis,Chordata,Teleostei,Stephanoberyciformes,Melamphaidae,Scopelogadus,mizolepis,Teleostei,2.88,5.62,Broad group,Teleostei,2.74,95.1388888889,1
Childress and Nygaard,Deep-Sea Research,1973,Childress and Nygaard | Deep-Sea Research | 1973,Stenobrachius leucopsarus,Chordata,Teleostei,Myctophiformes,Myctophidae,Stenobrachius,leucopsarus,Teleostei,7.38,7.0,Family,Myctophidae,0.38,5.1490514905,1
Childress and Nygaard,Deep-Sea Research,1973,Childress and Nygaard | Deep-Sea Research | 1973,Sternoptyx obscura,Chordata,Teleostei,Stomiiformes,Sternoptychidae,Sternoptyx,obscura,Teleostei,2.87,3.85,Family,Sternoptychidae,0.98,34.1463414634,1
Childress and Nygaard,Deep-Sea Research,1973,Childress and Nygaard | Deep-Sea Research | 1973,Stomias atriventer,Chordata,Teleostei,Stomiiformes,Stomiidae,Stomias,atriventer,Teleostei,4.17,2.8,Genus,Stomias,1.37,32.8537170264,1
Childress and Nygaard,Deep-Sea Research,1973,Childress and Nygaard | Deep-Sea Research | 1973,Talismania bifurcata,Chordata,Teleostei,Osmeriformes,Alepocephalidae,Talismania,bifurcata,Teleostei,1.46,2.2,Family,Alepocephalidae,0.74,50.6849315068,1
Childress and Nygaard,Deep-Sea Research,1973,Childress and Nygaard | Deep-Sea Research | 1973,Tarletonbeania crenularis,Chordata,Teleostei,Myctophiformes,Myctophidae,Tarletonbeania,crenularis,Teleostei,4.26,7.0,Family,Myctophidae,2.74,64.3192488263,1
Childress and Nygaard,Deep-Sea Research,1973,Childress and Nygaard | Deep-Sea Research | 1973,Triphoturus mexicanus,Chordata,Teleostei,Myctophiformes,Myctophidae,Triphoturus,mexicanus,Teleostei,6.99,7.0,Family,Myctophidae,0.01,0.1430615165,1
Childress et al.,Marine Biology,1990,Childress et al. | Marine Biology | 1990,Argyropelecus aculeatus,Chordata,Teleostei,Stomiiformes,Sternoptychidae,Argyropelecus,aculeatus,Teleostei,3.3,3.5,Genus,Argyropelecus,0.2,6.0606060606,1
Childress et al.,Marine Biology,1990,Childress et al. | Marine Biology | 1990,Avocettina infans,Chordata,Teleostei,Anguilliformes,Nemichthyidae,Avocettina,infans,Teleostei,2.27,5.62,Broad group,Teleostei,3.35,147.577092511,1
Childress et al.,Marine Biology,1990,Childress et al. | Marine Biology | 1990,Benthosema suborbitale,Chordata,Teleostei,Myctophiformes,Myctophidae,Benthosema,suborbitale,Teleostei,4.31,5.9,Genus,Benthosema,1.59,36.8909512761,1
Childress et al.,Marine Biology,1990,Childress et al. | Marine Biology | 1990,Bolinichthys distofax,Chordata,Teleostei,Myctophiformes,Myctophidae,Bolinichthys,distofax,Teleostei,3.74,7.0,Family,Myctophidae,3.26,87.1657754011,1
Childress et al.,Marine Biology,1990,Childress et al. | Marine Biology | 1990,Bolinichthys longipes,Chordata,Teleostei,Myctophiformes,Myctophidae,Bolinichthys,longipes,Teleostei,2.82,7.0,Family,Myctophidae,4.18,148.2269503546,1
Childress et al.,Marine Biology,1990,Childress et al. | Marine Biology | 1990,Centrobranchus choerocephalus,Chordata,Teleostei,Myctophiformes,Myctophidae,Centrobranchus,choerocephalus,Teleostei,4.01,7.0,Family,Myctophidae,2.99,74.5635910224,1
Childress et al.,Marine Biology,1990,Childress et al. | Marine Biology | 1990,Ceratoscopelus warmingi,Chordata,Teleostei,Myctophiformes,Myctophidae,Ceratoscopelus,warmingii,Teleostei,3.56,7.0,Family,Myctophidae,3.44,96.6292134831,1
Childress et al.,Marine Biology,1990,Childress et al. | Marine Biology | 1990,Chauliodus sloani,Chordata,Teleostei,Stomiiformes,Stomiidae,Chauliodus,sloani,Teleostei,1.89,2.8,Family,Stomiidae,0.91,48.1481481481,1
Childress et al.,Marine Biology,1990,Childress et al. | Marine Biology | 1990,Cyclothone alba,Chordata,Teleostei,Stomiiformes,Gonostomatidae,Cyclothone,alba,Teleostei,2.69,5.62,Broad group,Teleostei,2.93,108.9219330855,1
Childress et al.,Marine Biology,1990,Childress et al. | Marine Biology | 1990,Cyclothone pallida,Chordata,Teleostei,Stomiiformes,Gonostomatidae,Cyclothone,pallida,Teleostei,2.05,5.62,Broad group,Teleostei,3.57,174.1463414634,1
Childress et al.,Marine Biology,1990,Childress et al. | Marine Biology | 1990,Cyclothone pseudopallida,Chordata,Teleostei,Stomiiformes,Gonostomatidae,Cyclothone,pseudopallida,Teleostei,2.46,5.62,Broad group,Teleostei,3.16,128.4552845528,1
Childress et al.,Marine Biology,1990,Childress et al. | Marine Biology | 1990,Cyema atrum,Chordata,Teleostei,Saccopharyngiformes,Cyematidae,Cyema,atrum,Teleostei,1.23,5.62,Broad group,Teleostei,4.39,356.9105691057,1
Childress et al.,Marine Biology,1990,Childress et al. | Marine Biology | 1990,Danaphos oculatus,Chordata,Teleostei,Stomiiformes,Sternoptychidae,Danaphos,oculatus,Teleostei,4.13,3.85,Family,Sternoptychidae,0.28,6.7796610169,1
Childress et al.,Marine Biology,1990,Childress et al. | Marine Biology | 1990,Derichthys serpentinus,Chordata,Teleostei,Anguilliformes,Derichthyidae,Derichthys,serpentinus,Teleostei,4.05,5.62,Broad group,Teleostei,1.57,38.7654320988,1
Childress et al.,Marine Biology,1990,Childress et al. | Marine Biology | 1990,Diaphus brachycephalus,Chordata,Teleostei,Myctophiformes,Myctophidae,Diaphus,brachycephalus,Teleostei,3.97,7.0,Family,Myctophidae,3.03,76.322418136,1
Childress et al.,Marine Biology,1990,Childress et al. | Marine Biology | 1990,Diaphus mollis,Chordata,Teleostei,Myctophiformes,Myctophidae,Diaphus,mollis,Teleostei,3.15,7.0,Family,Myctophidae,3.85,122.2222222222,1
Childress et al.,Marine Biology,1990,Childress et al. | Marine Biology | 1990,Diaphus schmidti,Chordata,Teleostei,Myctophiformes,Myctophidae,Diaphus,schmidti,Teleostei,3.76,7.0,Family,Myctophidae,3.24,86.170212766,1
Childress et al.,Marine Biology,1990,Childress et al. | Marine Biology | 1990,Diplophos taenia,Chordata,Teleostei,Stomiiformes,Gonostomatidae,Diplophos,taenia,Teleostei,4.29,5.62,Broad group,Teleostei,1.33,31.0023310023,1
Childress et al.,Marine Biology,1990,Childress et al. | Marine Biology | 1990,Evermannella indica,Chordata,Teleostei,Aulopiformes,Evermannellidae,Evermannella,indica,Teleostei,4.54,5.62,Broad group,Teleostei,1.08,23.7885462555,1
Childress et al.,Marine Biology,1990,Childress et al. | Marine Biology | 1990,Gigantura indica,Chordata,Teleostei,Aulopiformes,Giganturidae,Gigantura,indica,Teleostei,1.46,5.62,Broad group,Teleostei,4.16,284.9315068493,1
Childress et al.,Marine Biology,1990,Childress et al. | Marine Biology | 1990,Gonostoma atlanticum,Chordata,Teleostei,Stomiiformes,Gonostomatidae,Gonostoma,atlanticum,Teleostei,5.09,5.62,Broad group,Teleostei,0.53,10.4125736739,1
Childress et al.,Marine Biology,1990,Childress et al. | Marine Biology | 1990,Gonostoma elongatum,Chordata,Teleostei,Stomiiformes,Gonostomatidae,Gonostoma,elongatum,Teleostei,1.66,5.62,Broad group,Teleostei,3.96,238.5542168675,1
Childress et al.,Marine Biology,1990,Childress et al. | Marine Biology | 1990,Hygophum reinhardtii,Chordata,Teleostei,Myctophiformes,Myctophidae,Hygophum,reinhardtii,Teleostei,4.24,7.0,Family,Myctophidae,2.76,65.0943396226,1
Childress et al.,Marine Biology,1990,Childress et al. | Marine Biology | 1990,Lampanyctus niger,Chordata,Teleostei,Myctophiformes,Myctophidae,Lampanyctus,niger,Teleostei,2.43,4.1,Genus,Lampanyctus,1.67,68.7242798354,1
Childress et al.,Marine Biology,1990,Childress et al. | Marine Biology | 1990,Lampanyctus nobilis,Chordata,Teleostei,Myctophiformes,Myctophidae,Lampanyctus,nobilis,Teleostei,3.48,4.1,Genus,Lampanyctus,0.62,17.816091954,1
Childress et al.,Marine Biology,1990,Childress et al. | Marine Biology | 1990,Lampanyctus steinbecki,Chordata,Teleostei,Myctophiformes,Myctophidae,Lampanyctus,steinbecki,Teleostei,4.61,4.1,Genus,Lampanyctus,0.51,11.0629067245,1
Childress et al.,Marine Biology,1990,Childress et al. | Marine Biology | 1990,Lampanyctus tenuiformis,Chordata,Teleostei,Myctophiformes,Myctophidae,Lampanyctus,tenuiformis,Teleostei,4.36,4.1,Genus,Lampanyctus,0.26,5.9633027523,1
Childress et al.,Marine Biology,1990,Childress et al. | Marine Biology | 1990,Malacosteus niger,Chordata,Teleostei,Stomiiformes,Stomiidae,Malacosteus,niger,Teleostei,1.93,2.8,Family,Stomiidae,0.87,45.0777202073,1
Childress et al.,Marine Biology,1990,Childress et al. | Marine Biology | 1990,Myctophum selenops,Chordata,Teleostei,Myctophiformes,Myctophidae,Myctophum,selenops,Teleostei,3.22,7.0,Family,Myctophidae,3.78,117.3913043478,1
Childress et al.,Marine Biology,1990,Childress et al. | Marine Biology | 1990,Notolychnus valdiviae,Chordata,Teleostei,Myctophiformes,Myctophidae,Notolychnus,valdiviae,Teleostei,6.63,7.0,Family,Myctophidae,0.37,5.580693816,1
Childress et al.,Marine Biology,1990,Childress et al. | Marine Biology | 1990,Oneirodes acanthias,Chordata,Teleostei,Lophiiformes,Oneirodidae,Oneirodes,acanthias,Teleostei,0.97,5.62,Broad group,Teleostei,4.65,479.381443299,1
Childress et al.,Marine Biology,1990,Childress et al. | Marine Biology | 1990,Opisthoproctus soleatus,Chordata,Teleostei,Osmeriformes,Opisthoproctidae,Opisthoproctus,soleatus,Teleostei,2.78,5.62,Broad group,Teleostei,2.84,102.1582733813,1
Childress et al.,Marine Biology,1990,Childress et al. | Marine Biology | 1990,Rondeletia loricata,Chordata,Teleostei,Stephanoberyciformes,Rondeletiidae,Rondeletia,loricata,Teleostei,0.95,5.62,Broad group,Teleostei,4.67,491.5789473684,1
Childress et al.,Marine Biology,1990,Childress et al. | Marine Biology | 1990,Scopelogadus mizolepis,Chordata,Teleostei,Stephanoberyciformes,Melamphaidae,Scopelogadus,mizolepis,Teleostei,1.78,5.62,Broad group,Teleostei,3.84,215.7303370787,1
Childress et al.,Marine Biology,1990,Childress et al. | Marine Biology | 1990,Sigmops ebelingi,Chordata,Teleostei,Stomiiformes,Gonostomatidae,Sigmops,ebelingi,Teleostei,2.41,5.62,Broad group,Teleostei,3.21,133.1950207469,1
Childress et al.,Marine Biology,1990,Childress et al. | Marine Biology | 1990,Sternoptyx diaphana,Chordata,Teleostei,Stomiiformes,Sternoptychidae,Sternoptyx,diaphana,Teleostei,2.83,3.85,Family,Sternoptychidae,1.02,36.0424028269,1
Childress et al.,Marine Biology,1990,Childress et al. | Marine Biology | 1990,Taaningichthys bathyphilus,Chordata,Teleostei,Myctophiformes,Myctophidae,Taaningichthys,bathyphilus,Teleostei,3.44,7.0,Family,Myctophidae,3.56,103.488372093,1
Childress et al.,Marine Biology,1990,Childress et al. | Marine Biology | 1990,Taaningichthys minimus,Chordata,Teleostei,Myctophiformes,Myctophidae,Taaningichthys,minimus,Teleostei,4.19,7.0,Family,Myctophidae,2.81,67.0644391408,1
Childress et al.,Marine Biology,1990,Childress et al. | Marine Biology | 1990,Thysanactis dentex,Chordata,Teleostei,Stomiiformes,Stomiidae,Thysanactis,dentex,Teleostei,1.72,2.8,Family,Stomiidae,1.08,62.7906976744,1
Childress et al.,Marine Biology,1990,Childress et al. | Marine Biology | 1990,Triphoturus nigrescens,Chordata,Teleostei,Myctophiformes,Myctophidae,Triphoturus,nigrescens,Teleostei,3.67,7.0,Family,Myctophidae,3.33,90.7356948229,1
Childress et al.,Marine Biology,1990,Childress et al. | Marine Biology | 1990,Vinciguerria nimbaria,Chordata,Teleostei,Stomiiformes,Phosichthyidae,Vinciguerria,nimbaria,Teleostei,3.64,5.62,Broad group,Teleostei,1.98,54.3956043956,1
Ciancio et al.,Journal of Crustacean Biology,2007,Ciancio et al. | Journal of Crustacean Biology | 2007,Cyrtograpsus altimanus,Arthropoda,Malacostraca,Decapoda,Varunidae,Cyrtograpsus,altimanus,Crustacea,3.22,3.64,Family,Varunidae,0.42,13.0434782609,1
Ciancio et al.,Journal of Crustacean Biology,2007,Ciancio et al. | Journal of Crustacean Biology | 2007,Cyrtograpsus angulatus,Arthropoda,Malacostraca,Decapoda,Varunidae,Cyrtograpsus,angulatus,Crustacea,2.49,3.64,Family,Varunidae,1.15,46.1847389558,3
Ciancio et al.,Journal of Crustacean Biology,2007,Ciancio et al. | Journal of Crustacean Biology | 2007,Neohelice granulata,Arthropoda,Malacostraca,Decapoda,Varunidae,Neohelice,granulata,Crustacea,3.73,3.64,Family,Varunidae,0.09,2.4128686327,3
Ciancio et al.,Transactions of the American Fisheries Society,2007,Ciancio et al. | Transactions of the American Fisheries Society | 2007,Acetes petrunkevitchi,Arthropoda,Malacostraca,Decapoda,Acetidae,Acetes,petrunkevitchi,Crustacea,3.34,3.9,Broad group,Crustacea,0.56,16.7664670659,1
Ciancio et al.,Transactions of the American Fisheries Society,2007,Ciancio et al. | Transactions of the American Fisheries Society | 2007,Aulacomya atra,Mollusca,Bivalvia,Mytilida,Mytilidae,Aulacomya,atra,Mollusca (non-cephalopods),4.14,2.14,Broad group,Mollusca (non-cephalopods),2.0,48.309178744,1
Ciancio et al.,Transactions of the American Fisheries Society,2007,Ciancio et al. | Transactions of the American Fisheries Society | 2007,Eleginops maclovinus,Chordata,Teleostei,Perciformes,Nototheniidae,Eleginops,maclovinus,Teleostei,3.66,5.62,Broad group,Teleostei,1.96,53.5519125683,1
Ciancio et al.,Transactions of the American Fisheries Society,2007,Ciancio et al. | Transactions of the American Fisheries Society | 2007,Engraulis anchoita,Chordata,Teleostei,Clupeiformes,Engraulidae,Engraulis,anchoita,Teleostei,5.55,6.825,Genus,Engraulis,1.275,22.972972973,1
Ciancio et al.,Transactions of the American Fisheries Society,2007,Ciancio et al. | Transactions of the American Fisheries Society | 2007,Euphausia lucens,Arthropoda,Malacostraca,Euphausiacea,Euphausiidae,Euphausia,lucens,Crustacea,2.51,3.73,Genus,Euphausia,1.22,48.6055776892,1
Ciancio et al.,Transactions of the American Fisheries Society,2007,Ciancio et al. | Transactions of the American Fisheries Society | 2007,Genypterus blacodes,Chordata,Teleostei,Ophidiiformes,Ophidiidae,Genypterus,blacodes,Teleostei,3.69,5.62,Broad group,Teleostei,1.93,52.3035230352,1
Ciancio et al.,Transactions of the American Fisheries Society,2007,Ciancio et al. | Transactions of the American Fisheries Society | 2007,Halosydna patagonica,Annelida,Polychaeta,Phyllodocida,Polynoidae,Halosydna,patagonica,Annelida,4.54,1.28,Broad group,Annelida,3.26,71.8061674009,1
Ciancio et al.,Transactions of the American Fisheries Society,2007,Ciancio et al. | Transactions of the American Fisheries Society | 2007,Illex argentinus,Mollusca,Cephalopoda,Teuthida,Ommastrephidae,Illex,argentinus,Cephalopoda,5.01,4.875,Genus,Illex,0.135,2.6946107784,1
Ciancio et al.,Transactions of the American Fisheries Society,2007,Ciancio et al. | Transactions of the American Fisheries Society | 2007,Loligo gahi,Mollusca,Cephalopoda,Teuthida,Loliginidae,Loligo,gahi,Cephalopoda,4.95,4.7,Genus,Loligo,0.25,5.0505050505,1
Ciancio et al.,Transactions of the American Fisheries Society,2007,Ciancio et al. | Transactions of the American Fisheries Society | 2007,Merluccius hubbsi,Chordata,Teleostei,Gadiformes,Merlucciidae,Merluccius,hubbsi,Teleostei,4.08,3.99,Genus,Merluccius,0.09,2.2058823529,1
Ciancio et al.,Transactions of the American Fisheries Society,2007,Ciancio et al. | Transactions of the American Fisheries Society | 2007,Micromesistius australis,Chordata,Teleostei,Gadiformes,Gadidae,Micromesistius,australis,Teleostei,4.54,4.4,Genus,Micromesistius,0.14,3.0837004405,1
Ciancio et al.,Transactions of the American Fisheries Society,2007,Ciancio et al. | Transactions of the American Fisheries Society | 2007,Mytilus edulis,Mollusca,Bivalvia,Mytilida,Mytilidae,Mytilus,edulis,Mollusca (non-cephalopods),2.98,2.14,Broad group,Mollusca (non-cephalopods),0.84,28.1879194631,1
Ciancio et al.,Transactions of the American Fisheries Society,2007,Ciancio et al. | Transactions of the American Fisheries Society | 2007,Nacella magellanica,Mollusca,Gastropoda,Nacellida,Nacellidae,Nacella,magellanica,Mollusca (non-cephalopods),5.0,2.14,Broad group,Mollusca (non-cephalopods),2.86,57.2,1
Ciancio et al.,Transactions of the American Fisheries Society,2007,Ciancio et al. | Transactions of the American Fisheries Society | 2007,Odontesthes smitti,Chordata,Teleostei,Atheriniformes,Atherinopsidae,Odontesthes,smitti,Teleostei,4.57,5.62,Broad group,Teleostei,1.05,22.9759299781,1
Ciancio et al.,Transactions of the American Fisheries Society,2007,Ciancio et al. | Transactions of the American Fisheries Society | 2007,Patagonotothen ramsayi,Chordata,Teleostei,Perciformes,Nototheniidae,Patagonotothen,ramsayi,Teleostei,4.8,5.62,Broad group,Teleostei,0.82,17.0833333333,1
Ciancio et al.,Transactions of the American Fisheries Society,2007,Ciancio et al. | Transactions of the American Fisheries Society | 2007,Patagonotothen tessellata,Chordata,Teleostei,Perciformes,Nototheniidae,Patagonotothen,tessellata,Teleostei,4.03,5.62,Broad group,Teleostei,1.59,39.4540942928,1
Ciancio et al.,Transactions of the American Fisheries Society,2007,Ciancio et al. | Transactions of the American Fisheries Society | 2007,Perumytilus purpuratus,Mollusca,Bivalvia,Mytilida,Mytilidae,Perumytilus,purpuratus,Mollusca (non-cephalopods),3.6,2.14,Broad group,Mollusca (non-cephalopods),1.46,40.5555555556,1
Ciancio et al.,Transactions of the American Fisheries Society,2007,Ciancio et al. | Transactions of the American Fisheries Society | 2007,Pleoticus muelleri,Arthropoda,Malacostraca,Decapoda,Solenoceridae,Pleoticus,muelleri,Crustacea,5.91,3.9,Broad group,Crustacea,2.01,34.0101522843,1
Ciancio et al.,Transactions of the American Fisheries Society,2007,Ciancio et al. | Transactions of the American Fisheries Society | 2007,Themisto gaudichaudii,Arthropoda,Malacostraca,Amphipoda,Hyperiidae,Themisto,gaudichaudii,Crustacea,3.11,3.9,Broad group,Crustacea,0.79,25.4019292605,1
Ciancio et al.,Journal of Crustacean Biology,2013,Ciancio et al. | Journal of Crustacean Biology | 2013,Cyrtograpsus altimanus,Arthropoda,Malacostraca,Decapoda,Varunidae,Cyrtograpsus,altimanus,Crustacea,2.985,3.64,Family,Varunidae,0.655,21.9430485762,6
Ciancio et al.,Journal of Crustacean Biology,2013,Ciancio et al. | Journal of Crustacean Biology | 2013,Cyrtograpsus angulatus,Arthropoda,Malacostraca,Decapoda,Varunidae,Cyrtograpsus,angulatus,Crustacea,3.78,3.64,Family,Varunidae,0.14,3.7037037037,5
Ciancio et al.,Journal of Crustacean Biology,2013,Ciancio et al. | Journal of Crustacean Biology | 2013,Neohelice granulata,Arthropoda,Malacostraca,Decapoda,Varunidae,Neohelice,granulata,Crustacea,3.665,3.64,Family,Varunidae,0.025,0.6821282401,6
Ciancio et al.,Transactions of the American Fisheries Society,2013,Ciancio et al. | Transactions of the American Fisheries Society | 2013,Cyrtograpsus angulatus,Arthropoda,Malacostraca,Decapoda,Varunidae,Cyrtograpsus,angulatus,Crustacea,3.15,3.64,Family,Varunidae,0.49,15.5555555556,1
Ciancio et al.,Transactions of the American Fisheries Society,2013,Ciancio et al. | Transactions of the American Fisheries Society | 2013,Sprattus fuegensis,Chordata,Teleostei,Clupeiformes,Clupeidae,Sprattus,fuegensis,Teleostei,7.15,6.5,Genus,Sprattus,0.65,9.0909090909,1
Clare,"Thesis--University of California, Santa Cruz",2016,"Clare | Thesis--University of California, Santa Cruz | 2016",Anoplogaster cornuta,Chordata,Teleostei,Beryciformes,Anoplogastridae,Anoplogaster,cornuta,Teleostei,5.11,5.62,Broad group,Teleostei,0.51,9.9804305284,1
Clare,"Thesis--University of California, Santa Cruz",2016,"Clare | Thesis--University of California, Santa Cruz | 2016",Avocettina infans,Chordata,Teleostei,Anguilliformes,Nemichthyidae,Avocettina,infans,Teleostei,7.75,5.62,Broad group,Teleostei,2.13,27.4838709677,1
Clare,"Thesis--University of California, Santa Cruz",2016,"Clare | Thesis--University of California, Santa Cruz | 2016",Benthalbella dentata,Chordata,Teleostei,Aulopiformes,Scopelarchidae,Benthalbella,dentata,Teleostei,10.8,5.62,Broad group,Teleostei,5.18,47.962962963,1
Clare,"Thesis--University of California, Santa Cruz",2016,"Clare | Thesis--University of California, Santa Cruz | 2016",Chauliodus macouni,Chordata,Teleostei,Stomiiformes,Stomiidae,Chauliodus,macouni,Teleostei,5.72,2.8,Family,Stomiidae,2.92,51.048951049,1
Clare,"Thesis--University of California, Santa Cruz",2016,"Clare | Thesis--University of California, Santa Cruz | 2016",Diaphus gigas,Chordata,Teleostei,Myctophiformes,Myctophidae,Diaphus,gigas,Teleostei,7.37,7.0,Family,Myctophidae,0.37,5.0203527815,1
Clare,"Thesis--University of California, Santa Cruz",2016,"Clare | Thesis--University of California, Santa Cruz | 2016",Diaphus theta,Chordata,Teleostei,Myctophiformes,Myctophidae,Diaphus,theta,Teleostei,6.67,7.0,Family,Myctophidae,0.33,4.9475262369,1
Clare,"Thesis--University of California, Santa Cruz",2016,"Clare | Thesis--University of California, Santa Cruz | 2016",Diplospinus multistriatus,Chordata,Teleostei,Perciformes,Gempylidae,Diplospinus,multistriatus,Teleostei,10.2,5.62,Broad group,Teleostei,4.58,44.9019607843,1
Clare,"Thesis--University of California, Santa Cruz",2016,"Clare | Thesis--University of California, Santa Cruz | 2016",Electrona risso,Chordata,Teleostei,Myctophiformes,Myctophidae,Electrona,risso,Teleostei,5.16,7.0,Family,Myctophidae,1.84,35.6589147287,1
Clare,"Thesis--University of California, Santa Cruz",2016,"Clare | Thesis--University of California, Santa Cruz | 2016",Icosteus aenigmaticus,Chordata,Teleostei,Perciformes,Icosteidae,Icosteus,aenigmaticus,Teleostei,6.8,5.62,Broad group,Teleostei,1.18,17.3529411765,1
Clare,"Thesis--University of California, Santa Cruz",2016,"Clare | Thesis--University of California, Santa Cruz | 2016",Lampadena yaquinae,Chordata,Teleostei,Myctophiformes,Myctophidae,Lampadena,yaquinae,Teleostei,7.93,7.0,Family,Myctophidae,0.93,11.7276166456,1
Clare,"Thesis--University of California, Santa Cruz",2016,"Clare | Thesis--University of California, Santa Cruz | 2016",Lampanyctus jordani,Chordata,Teleostei,Myctophiformes,Myctophidae,Lampanyctus,jordani,Teleostei,4.8,4.1,Genus,Lampanyctus,0.7,14.5833333333,1
Clarke et al.,Journal of the Marine Biological Association of the United Kingdom,1985,Clarke et al. | Journal of the Marine Biological Association of the United Kingdom | 1985,Moroteuthis robusta,Mollusca,Cephalopoda,Teuthida,Onychoteuthidae,Moroteuthis,robusta,Cephalopoda,1.84,4.7,Broad group,Cephalopoda,2.86,155.4347826087,1
Clarke et al.,Journal of the Marine Biological Association of the United Kingdom,1985,Clarke et al. | Journal of the Marine Biological Association of the United Kingdom | 1985,Todarodes sagittatus,Mollusca,Cephalopoda,Teuthida,Ommastrephidae,Todarodes,sagittatus,Cephalopoda,4.01,4.4,Family,Ommastrephidae,0.39,9.7256857855,1
Cooke et al.,Ecology,2006,Cooke et al. | Ecology | 2006,Oncorhynchus nerka,Chordata,Teleostei,Salmoniformes,Salmonidae,Oncorhynchus,nerka,Teleostei,9.4,5.62,Broad group,Teleostei,3.78,40.2127659574,1
Costa,Physiological Zoology,1982,Costa | Physiological Zoology | 1982,Haliotis rufescens,Mollusca,Gastropoda,Haliotida,Haliotidae,Haliotis,rufescens,Mollusca (non-cephalopods),3.64,2.14,Broad group,Mollusca (non-cephalopods),1.5,41.2087912088,1
Costa,Physiological Zoology,1982,Costa | Physiological Zoology | 1982,Loligo opalescens,Mollusca,Cephalopoda,Teuthida,Loliginidae,Loligo,opalescens,Cephalopoda,3.6,4.7,Genus,Loligo,1.1,30.5555555556,1
Costa,Physiological Zoology,1982,Costa | Physiological Zoology | 1982,Spisula solidissima,Mollusca,Bivalvia,Venerida,Mactridae,Spisula,solidissima,Mollusca (non-cephalopods),4.97,2.15,Genus,Spisula,2.82,56.7404426559,1
Davis et al.,North Pacific Anadromous Fish Commission Bulletin,1998,Davis et al. | North Pacific Anadromous Fish Commission Bulletin | 1998,Gadus chalcogrammus,Chordata,Teleostei,Gadiformes,Gadidae,Gadus,chalcogrammus,Teleostei,4.61,4.7,Family,Gadidae,0.09,1.9522776573,1
Davis et al.,North Pacific Anadromous Fish Commission Bulletin,1998,Davis et al. | North Pacific Anadromous Fish Commission Bulletin | 1998,Gasterosteus aculeatus,Chordata,Teleostei,Gasterosteiformes,Gasterosteidae,Gasterosteus,aculeatus,Teleostei,4.88,5.62,Broad group,Teleostei,0.74,15.1639344262,1
Davis et al.,North Pacific Anadromous Fish Commission Bulletin,1998,Davis et al. | North Pacific Anadromous Fish Commission Bulletin | 1998,Gonatopsis borealis,Mollusca,Cephalopoda,Teuthida,Gonatidae,Gonatopsis,borealis,Cephalopoda,4.71,4.7,Broad group,Cephalopoda,0.01,0.2123142251,1
Davis et al.,North Pacific Anadromous Fish Commission Bulletin,1998,Davis et al. | North Pacific Anadromous Fish Commission Bulletin | 1998,Neocalanus cristatus,Arthropoda,Maxillopoda,Calanoida,Calanidae,Neocalanus,cristatus,Crustacea,2.62,3.9,Broad group,Crustacea,1.28,48.8549618321,1
Davis et al.,North Pacific Anadromous Fish Commission Bulletin,1998,Davis et al. | North Pacific Anadromous Fish Commission Bulletin | 1998,Onychoteuthis borealijaponicus,Mollusca,Cephalopoda,Teuthida,Onychoteuthidae,Onychoteuthis,borealijaponicus,Cephalopoda,5.03,4.7,Broad group,Cephalopoda,0.33,6.5606361829,1
Davis et al.,North Pacific Anadromous Fish Commission Bulletin,1998,Davis et al. | North Pacific Anadromous Fish Commission Bulletin | 1998,Stenobrachius leucopsarus,Chordata,Teleostei,Myctophiformes,Myctophidae,Stenobrachius,leucopsarus,Teleostei,8.54,7.0,Family,Myctophidae,1.54,18.0327868852,1
Davis et al.,North Pacific Anadromous Fish Commission Bulletin,1998,Davis et al. | North Pacific Anadromous Fish Commission Bulletin | 1998,Tarletonbeania crenularis,Chordata,Teleostei,Myctophiformes,Myctophidae,Tarletonbeania,crenularis,Teleostei,3.75,7.0,Family,Myctophidae,3.25,86.6666666667,1
Debenham et al.,Deep-Sea Research II,2019,Debenham et al. | Deep-Sea Research II | 2019,Atheresthes stomias,Chordata,Teleostei,Pleuronectiformes,Pleuronectidae,Atheresthes,stomias,Teleostei,4.6,5.6,Family,Pleuronectidae,1.0,21.7391304348,1
Dessier et al.,Progress in Oceanography,2018,Dessier et al. | Progress in Oceanography | 2018,Anomalocera patersoni,Arthropoda,Maxillopoda,Calanoida,Pontellidae,Anomalocera,patersoni,Crustacea,1.5,3.9,Broad group,Crustacea,2.4,160.0,1
Dessier et al.,Progress in Oceanography,2018,Dessier et al. | Progress in Oceanography | 2018,Calanus helgolandicus,Arthropoda,Maxillopoda,Calanoida,Calanidae,Calanus,helgolandicus,Crustacea,3.1,3.9,Broad group,Crustacea,0.8,25.8064516129,1
Dessier et al.,Progress in Oceanography,2018,Dessier et al. | Progress in Oceanography | 2018,Centropages typicus,Arthropoda,Maxillopoda,Calanoida,Centropagidae,Centropages,typicus,Crustacea,2.2,3.9,Broad group,Crustacea,1.7,77.2727272727,1
Dessier et al.,Progress in Oceanography,2018,Dessier et al. | Progress in Oceanography | 2018,Labidocera wollastoni,Arthropoda,Maxillopoda,Calanoida,Pontellidae,Labidocera,wollastoni,Crustacea,2.87,3.9,Broad group,Crustacea,1.03,35.8885017422,1
Dessier et al.,Progress in Oceanography,2018,Dessier et al. | Progress in Oceanography | 2018,Pseudocalanus elongatus,Arthropoda,Maxillopoda,Calanoida,Clausocalanoidae,Pseudocalanus,elongatus,Crustacea,3.0,3.9,Broad group,Crustacea,0.9,30.0,1
Dessier et al.,Progress in Oceanography,2018,Dessier et al. | Progress in Oceanography | 2018,Temora longicornis,Arthropoda,Maxillopoda,Calanoida,Temoridae,Temora,longicornis,Crustacea,1.1,3.9,Broad group,Crustacea,2.8,254.5454545455,1
Donnelly et al.,Marine Biology,1990,Donnelly et al. | Marine Biology | 1990,Acanthephyra acutifrons,Arthropoda,Malacostraca,Decapoda,Acanthephyridae,Acanthephyra,acutifrons,Crustacea,2.71,5.3,Genus,Acanthephyra,2.59,95.5719557196,1
Donnelly et al.,Marine Biology,1990,Donnelly et al. | Marine Biology | 1990,Acanthephyra curtirostris,Arthropoda,Malacostraca,Decapoda,Acanthephyridae,Acanthephyra,curtirostris,Crustacea,4.68,5.3,Genus,Acanthephyra,0.62,13.2478632479,1
Donnelly et al.,Marine Biology,1990,Donnelly et al. | Marine Biology | 1990,Bathylagus antarcticus,Chordata,Teleostei,Osmeriformes,Bathylagidae,Bathylagus,antarcticus,Teleostei,3.12,5.62,Broad group,Teleostei,2.5,80.1282051282,1
Donnelly et al.,Marine Biology,1990,Donnelly et al. | Marine Biology | 1990,Benthalbella elongata,Chordata,Teleostei,Aulopiformes,Scopelarchidae,Benthalbella,elongata,Teleostei,6.23,5.62,Broad group,Teleostei,0.61,9.7913322632,1
Donnelly et al.,Marine Biology,1990,Donnelly et al. | Marine Biology | 1990,Cyclothone microdon,Chordata,Teleostei,Stomiiformes,Gonostomatidae,Cyclothone,microdon,Teleostei,9.01,5.62,Broad group,Teleostei,3.39,37.6248612653,1
Donnelly et al.,Marine Biology,1990,Donnelly et al. | Marine Biology | 1990,Deosergestes henseni,Arthropoda,Malacostraca,Decapoda,Sergestidae,Deosergestes,henseni,Crustacea,4.9,3.9,Broad group,Crustacea,1.0,20.4081632653,1
Donnelly et al.,Marine Biology,1990,Donnelly et al. | Marine Biology | 1990,Deosergestes paraseminudus,Arthropoda,Malacostraca,Decapoda,Sergestidae,Deosergestes,paraseminudus,Crustacea,6.57,3.9,Broad group,Crustacea,2.67,40.6392694064,1
Donnelly et al.,Marine Biology,1990,Donnelly et al. | Marine Biology | 1990,Electrona antarctica,Chordata,Teleostei,Myctophiformes,Myctophidae,Electrona,antarctica,Teleostei,8.19,7.0,Family,Myctophidae,1.19,14.5299145299,2
Donnelly et al.,Marine Biology,1990,Donnelly et al. | Marine Biology | 1990,Gymnoscopelus braueri,Chordata,Teleostei,Myctophiformes,Myctophidae,Gymnoscopelus,braueri,Teleostei,8.855,7.0,Family,Myctophidae,1.855,20.9486166008,2
Donnelly et al.,Marine Biology,1990,Donnelly et al. | Marine Biology | 1990,Gymnoscopelus nicholsi,Chordata,Teleostei,Myctophiformes,Myctophidae,Gymnoscopelus,nicholsi,Teleostei,12.4,7.0,Family,Myctophidae,5.4,43.5483870968,1
Donnelly et al.,Marine Biology,1990,Donnelly et al. | Marine Biology | 1990,Neognathophausia ingens,Arthropoda,Malacostraca,Lophogastrida,Gnathophausiidae,Neognathophausia,ingens,Crustacea,2.6,3.9,Broad group,Crustacea,1.3,50.0,1
Donnelly et al.,Marine Biology,1990,Donnelly et al. | Marine Biology | 1990,Notolepis coatsi,Chordata,Teleostei,Aulopiformes,Paralepididae,Notolepis,coatsi,Teleostei,4.4,4.3,Family,Paralepididae,0.1,2.2727272727,1
Donnelly et al.,Marine Biology,1990,Donnelly et al. | Marine Biology | 1990,Paradiplospinus gracilis,Chordata,Teleostei,Perciformes,Gempylidae,Paradiplospinus,gracilis,Teleostei,8.5,5.62,Broad group,Teleostei,2.88,33.8823529412,1
Donnelly et al.,Marine Biology,1990,Donnelly et al. | Marine Biology | 1990,Pasiphaea merriami,Arthropoda,Malacostraca,Decapoda,Pasiphaeidae,Pasiphaea,merriami,Crustacea,4.92,4.1,Genus,Pasiphaea,0.82,16.6666666667,1
Donnelly et al.,Marine Biology,1990,Donnelly et al. | Marine Biology | 1990,Phorcosergia grandis,Arthropoda,Malacostraca,Decapoda,Sergestidae,Phorcosergia,grandis,Crustacea,4.94,3.9,Broad group,Crustacea,1.04,21.0526315789,1
Donnelly et al.,Marine Biology,1990,Donnelly et al. | Marine Biology | 1990,Protomyctophum bolini,Chordata,Teleostei,Myctophiformes,Myctophidae,Protomyctophum,bolini,Teleostei,5.72,7.0,Family,Myctophidae,1.28,22.3776223776,1
Donnelly et al.,Marine Biology,1990,Donnelly et al. | Marine Biology | 1990,Robustosergia robusta,Arthropoda,Malacostraca,Decapoda,Sergestidae,Robustosergia,robusta,Crustacea,4.31,3.9,Broad group,Crustacea,0.41,9.5127610209,1
Donnelly et al.,Marine Biology,1993,Donnelly et al. | Marine Biology | 1993,Acanthephyra acanthitelsonis,Arthropoda,Malacostraca,Decapoda,Acanthephyridae,Acanthephyra,acanthitelsonis,Crustacea,5.62,5.3,Genus,Acanthephyra,0.32,5.6939501779,1
Donnelly et al.,Marine Biology,1993,Donnelly et al. | Marine Biology | 1993,Allosergestes pectinatus,Arthropoda,Malacostraca,Decapoda,Sergestidae,Allosergestes,pectinatus,Crustacea,6.61,3.9,Broad group,Crustacea,2.71,40.9984871407,1
Donnelly et al.,Marine Biology,1993,Donnelly et al. | Marine Biology | 1993,Bathylagus antarcticus,Chordata,Teleostei,Osmeriformes,Bathylagidae,Bathylagus,antarcticus,Teleostei,2.655,5.62,Broad group,Teleostei,2.965,111.6760828625,2
Donnelly et al.,Marine Biology,1993,Donnelly et al. | Marine Biology | 1993,Cyclothone microdon,Chordata,Teleostei,Stomiiformes,Gonostomatidae,Cyclothone,microdon,Teleostei,9.13,5.62,Broad group,Teleostei,3.51,38.4446878423,1
Donnelly et al.,Marine Biology,1993,Donnelly et al. | Marine Biology | 1993,Electrona antarctica,Chordata,Teleostei,Myctophiformes,Myctophidae,Electrona,antarctica,Teleostei,8.02,7.0,Family,Myctophidae,1.02,12.7182044888,1
Donnelly et al.,Marine Biology,1993,Donnelly et al. | Marine Biology | 1993,Eucopia sculpticauda,Arthropoda,Malacostraca,Lophogastrida,Eucopiidae,Eucopia,sculpticauda,Crustacea,1.42,3.9,Broad group,Crustacea,2.48,174.6478873239,1
Donnelly et al.,Marine Biology,1993,Donnelly et al. | Marine Biology | 1993,Eucopia unguiculata,Arthropoda,Malacostraca,Lophogastrida,Eucopiidae,Eucopia,unguiculata,Crustacea,3.95,3.9,Broad group,Crustacea,0.05,1.2658227848,1
Donnelly et al.,Marine Biology,1993,Donnelly et al. | Marine Biology | 1993,Funchalia villosa,Arthropoda,Malacostraca,Decapoda,Penaeidae,Funchalia,villosa,Crustacea,4.99,3.84,Family,Penaeidae,1.15,23.0460921844,1
Donnelly et al.,Marine Biology,1993,Donnelly et al. | Marine Biology | 1993,Gardinerosergia splendens,Arthropoda,Malacostraca,Decapoda,Sergestidae,Gardinerosergia,splendens,Crustacea,5.68,3.9,Broad group,Crustacea,1.78,31.338028169,1
Donnelly et al.,Marine Biology,1993,Donnelly et al. | Marine Biology | 1993,Gennadas valens,Arthropoda,Malacostraca,Decapoda,Benthesicymidae,Gennadas,valens,Crustacea,3.89,3.9,Broad group,Crustacea,0.01,0.2570694087,1
Donnelly et al.,Marine Biology,1993,Donnelly et al. | Marine Biology | 1993,Gymnoscopelus braueri,Chordata,Teleostei,Myctophiformes,Myctophidae,Gymnoscopelus,braueri,Teleostei,9.46,7.0,Family,Myctophidae,2.46,26.0042283298,1
Donnelly et al.,Marine Biology,1993,Donnelly et al. | Marine Biology | 1993,Gymnoscopelus opisthopterus,Chordata,Teleostei,Myctophiformes,Myctophidae,Gymnoscopelus,opisthopterus,Teleostei,5.15,7.0,Family,Myctophidae,1.85,35.9223300971,1
Donnelly et al.,Marine Biology,1993,Donnelly et al. | Marine Biology | 1993,Notolepis coatsi,Chordata,Teleostei,Aulopiformes,Paralepididae,Notolepis,coatsi,Teleostei,4.04,4.3,Family,Paralepididae,0.26,6.4356435644,1
Donnelly et al.,Marine Biology,1993,Donnelly et al. | Marine Biology | 1993,Notostomus elegans,Arthropoda,Malacostraca,Decapoda,Acanthephyridae,Notostomus,elegans,Crustacea,0.799,3.9,Broad group,Crustacea,3.101,388.1101376721,1
Donnelly et al.,Marine Biology,1993,Donnelly et al. | Marine Biology | 1993,Oplophorus gracilirostris,Arthropoda,Malacostraca,Decapoda,Oplophoridae,Oplophorus,gracilirostris,Crustacea,5.24,5.3,Family,Oplophoridae,0.06,1.1450381679,1
Donnelly et al.,Marine Biology,1993,Donnelly et al. | Marine Biology | 1993,Parapasiphae sulcatifrons,Arthropoda,Malacostraca,Decapoda,Pasiphaeidae,Parapasiphae,sulcatifrons,Crustacea,6.15,4.1,Family,Pasiphaeidae,2.05,33.3333333333,1
Donnelly et al.,Marine Biology,1993,Donnelly et al. | Marine Biology | 1993,Phorcosergia filicta,Arthropoda,Malacostraca,Decapoda,Sergestidae,Phorcosergia,filicta,Crustacea,7.15,3.9,Broad group,Crustacea,3.25,45.4545454545,1
Donnelly et al.,Marine Biology,1993,Donnelly et al. | Marine Biology | 1993,Plesionika richardi,Arthropoda,Malacostraca,Decapoda,Pandalidae,Plesionika,richardi,Crustacea,4.58,3.9,Broad group,Crustacea,0.68,14.8471615721,1
Donnelly et al.,Marine Biology,1993,Donnelly et al. | Marine Biology | 1993,Protomyctophum tenisoni,Chordata,Teleostei,Myctophiformes,Myctophidae,Protomyctophum,tenisoni,Teleostei,6.37,7.0,Family,Myctophidae,0.63,9.8901098901,1
Donnelly et al.,Marine Biology,1993,Donnelly et al. | Marine Biology | 1993,Systellaspis debilis,Arthropoda,Malacostraca,Decapoda,Oplophoridae,Systellaspis,debilis,Crustacea,4.76,5.3,Family,Oplophoridae,0.54,11.3445378151,1
Doyle et al.,Journal of Experimental Marine Biology and Ecology,2007,Doyle et al. | Journal of Experimental Marine Biology and Ecology | 2007,Chrysaora hysoscella,Cnidaria,Scyphozoa,Semaeostomeae,Pelagiidae,Chrysaora,hysoscella,Cnidaria,0.092,0.7,Broad group,Cnidaria,0.608,660.8695652174,1
Doyle et al.,Journal of Experimental Marine Biology and Ecology,2007,Doyle et al. | Journal of Experimental Marine Biology and Ecology | 2007,Cyanea capillata,Cnidaria,Scyphozoa,Semaeostomeae,Cyaneidae,Cyanea,capillata,Cnidaria,0.177,0.7,Broad group,Cnidaria,0.523,295.4802259887,1
Doyle et al.,Journal of Experimental Marine Biology and Ecology,2007,Doyle et al. | Journal of Experimental Marine Biology and Ecology | 2007,Rhizostoma octopus,Cnidaria,Scyphozoa,Rhizostomeae,Rhizostomatidae,Rhizostoma,octopus,Cnidaria,0.109,0.7,Broad group,Cnidaria,0.591,542.2018348624,1
Eder and Lewis,Marine Ecology Progress Series,2005,Eder and Lewis | Marine Ecology Progress Series | 2005,Acanthistius brasilianus,Chordata,Teleostei,Perciformes,Serranidae,Acanthistius,brasilianus,Teleostei,3.82,5.62,Broad group,Teleostei,1.8,47.1204188482,1
Eder and Lewis,Marine Ecology Progress Series,2005,Eder and Lewis | Marine Ecology Progress Series | 2005,Bassanago albescens,Chordata,Teleostei,Anguilliformes,Congridae,Bassanago,albescens,Teleostei,5.25,5.62,Broad group,Teleostei,0.37,7.0476190476,1
Eder and Lewis,Marine Ecology Progress Series,2005,Eder and Lewis | Marine Ecology Progress Series | 2005,Bathyraja brachyurops,Chordata,Chondrichthyes,Rajiformes,Arhynchobatidae,Bathyraja,brachyurops,Chondrichthyes,6.72,5.7,Broad group,Chondrichthyes,1.02,15.1785714286,1
Eder and Lewis,Marine Ecology Progress Series,2005,Eder and Lewis | Marine Ecology Progress Series | 2005,Bathyraja macloviana,Chordata,Chondrichthyes,Rajiformes,Arhynchobatidae,Bathyraja,macloviana,Chondrichthyes,4.04,5.7,Broad group,Chondrichthyes,1.66,41.0891089109,1
Eder and Lewis,Marine Ecology Progress Series,2005,Eder and Lewis | Marine Ecology Progress Series | 2005,Bathyraja scaphiops,Chordata,Chondrichthyes,Rajiformes,Arhynchobatidae,Bathyraja,scaphiops,Chondrichthyes,3.97,5.7,Broad group,Chondrichthyes,1.73,43.5768261965,1
Eder and Lewis,Marine Ecology Progress Series,2005,Eder and Lewis | Marine Ecology Progress Series | 2005,Brama brama,Chordata,Teleostei,Perciformes,Bramidae,Brama,brama,Teleostei,8.65,5.62,Broad group,Teleostei,3.03,35.0289017341,1
Eder and Lewis,Marine Ecology Progress Series,2005,Eder and Lewis | Marine Ecology Progress Series | 2005,Caelorinchus fasciatus,Chordata,Teleostei,Gadiformes,Macrouridae,Caelorinchus,fasciatus,Teleostei,4.74,5.1,Family,Macrouridae,0.36,7.5949367089,1
Eder and Lewis,Marine Ecology Progress Series,2005,Eder and Lewis | Marine Ecology Progress Series | 2005,Callorhinchus callorhynchus,Chordata,Chondrichthyes,Chimaeriformes,Callorhinchidae,Callorhinchus,callorhynchus,Chondrichthyes,4.09,5.7,Broad group,Chondrichthyes,1.61,39.3643031785,1
Eder and Lewis,Marine Ecology Progress Series,2005,Eder and Lewis | Marine Ecology Progress Series | 2005,Congiopodus peruvianus,Chordata,Teleostei,Scorpaeniformes,Congiopodidae,Congiopodus,peruvianus,Teleostei,5.0,5.62,Broad group,Teleostei,0.62,12.4,1
Eder and Lewis,Marine Ecology Progress Series,2005,Eder and Lewis | Marine Ecology Progress Series | 2005,Cottoperca gobio,Chordata,Teleostei,Perciformes,Bovichthyidae,Cottoperca,gobio,Teleostei,4.28,5.62,Broad group,Teleostei,1.34,31.308411215,1
Eder and Lewis,Marine Ecology Progress Series,2005,Eder and Lewis | Marine Ecology Progress Series | 2005,Cottunculus granulosus,Chordata,Teleostei,Scorpaeniformes,Psychrolutidae,Cottunculus,granulosus,Teleostei,2.99,5.62,Broad group,Teleostei,2.63,87.9598662207,1
Eder and Lewis,Marine Ecology Progress Series,2005,Eder and Lewis | Marine Ecology Progress Series | 2005,Dipturus chilensis,Chordata,Chondrichthyes,Rajiformes,Rajidae,Dipturus,chilensis,Chondrichthyes,4.23,5.7,Family,Rajidae,1.47,34.7517730496,1
Eder and Lewis,Marine Ecology Progress Series,2005,Eder and Lewis | Marine Ecology Progress Series | 2005,Discopyge tschudii,Chordata,Chondrichthyes,Torpediniformes,Narcinidae,Discopyge,tschudii,Chondrichthyes,2.68,5.7,Broad group,Chondrichthyes,3.02,112.6865671642,1
Eder and Lewis,Marine Ecology Progress Series,2005,Eder and Lewis | Marine Ecology Progress Series | 2005,Dissostichus eleginoides,Chordata,Teleostei,Perciformes,Nototheniidae,Dissostichus,eleginoides,Teleostei,10.5,5.62,Broad group,Teleostei,4.88,46.4761904762,1
Eder and Lewis,Marine Ecology Progress Series,2005,Eder and Lewis | Marine Ecology Progress Series | 2005,Genypterus blacodes,Chordata,Teleostei,Ophidiiformes,Ophidiidae,Genypterus,blacodes,Teleostei,5.6,5.62,Broad group,Teleostei,0.02,0.3571428571,1
Eder and Lewis,Marine Ecology Progress Series,2005,Eder and Lewis | Marine Ecology Progress Series | 2005,Illex argentinus,Mollusca,Cephalopoda,Teuthida,Ommastrephidae,Illex,argentinus,Cephalopoda,6.42,4.875,Genus,Illex,1.545,24.0654205607,1
Eder and Lewis,Marine Ecology Progress Series,2005,Eder and Lewis | Marine Ecology Progress Series | 2005,Iluocoetes fimbriatus,Chordata,Teleostei,Perciformes,Zoarcidae,Iluocoetes,fimbriatus,Teleostei,3.36,5.62,Broad group,Teleostei,2.26,67.2619047619,1
Eder and Lewis,Marine Ecology Progress Series,2005,Eder and Lewis | Marine Ecology Progress Series | 2005,Macruronus magellanicus,Chordata,Teleostei,Gadiformes,Merlucciidae,Macruronus,magellanicus,Teleostei,6.51,3.99,Family,Merlucciidae,2.52,38.7096774194,1
Eder and Lewis,Marine Ecology Progress Series,2005,Eder and Lewis | Marine Ecology Progress Series | 2005,Mancopsetta maculata,Chordata,Teleostei,Pleuronectiformes,Achiropsettidae,Mancopsetta,maculata,Teleostei,11.4,5.62,Broad group,Teleostei,5.78,50.701754386,1
Eder and Lewis,Marine Ecology Progress Series,2005,Eder and Lewis | Marine Ecology Progress Series | 2005,Merluccius australis,Chordata,Teleostei,Gadiformes,Merlucciidae,Merluccius,australis,Teleostei,5.48,3.99,Genus,Merluccius,1.49,27.1897810219,1
Eder and Lewis,Marine Ecology Progress Series,2005,Eder and Lewis | Marine Ecology Progress Series | 2005,Merluccius hubbsi,Chordata,Teleostei,Gadiformes,Merlucciidae,Merluccius,hubbsi,Teleostei,4.91,3.99,Genus,Merluccius,0.92,18.7372708758,1
Eder and Lewis,Marine Ecology Progress Series,2005,Eder and Lewis | Marine Ecology Progress Series | 2005,Micromesistius australis,Chordata,Teleostei,Gadiformes,Gadidae,Micromesistius,australis,Teleostei,5.38,4.4,Genus,Micromesistius,0.98,18.2156133829,1
Eder and Lewis,Marine Ecology Progress Series,2005,Eder and Lewis | Marine Ecology Progress Series | 2005,Moroteuthis ingens,Mollusca,Cephalopoda,Teuthida,Onychoteuthidae,Moroteuthis,ingens,Cephalopoda,5.64,4.7,Broad group,Cephalopoda,0.94,16.6666666667,1
Eder and Lewis,Marine Ecology Progress Series,2005,Eder and Lewis | Marine Ecology Progress Series | 2005,Nemadactylus bergi,Chordata,Teleostei,Perciformes,Cheilodactylidae,Nemadactylus,bergi,Teleostei,8.83,5.62,Broad group,Teleostei,3.21,36.3533408834,1
Eder and Lewis,Marine Ecology Progress Series,2005,Eder and Lewis | Marine Ecology Progress Series | 2005,Notophycis marginata,Chordata,Teleostei,Gadiformes,Moridae,Notophycis,marginata,Teleostei,4.91,5.62,Broad group,Teleostei,0.71,14.4602851324,1
Eder and Lewis,Marine Ecology Progress Series,2005,Eder and Lewis | Marine Ecology Progress Series | 2005,Paralichthys patagonicus,Chordata,Teleostei,Pleuronectiformes,Paralichthyidae,Paralichthys,patagonicus,Teleostei,3.77,5.62,Broad group,Teleostei,1.85,49.0716180371,1
Eder and Lewis,Marine Ecology Progress Series,2005,Eder and Lewis | Marine Ecology Progress Series | 2005,Parona signata,Chordata,Teleostei,Perciformes,Carangidae,Parona,signata,Teleostei,10.3,5.89,Family,Carangidae,4.41,42.8155339806,1
Eder and Lewis,Marine Ecology Progress Series,2005,Eder and Lewis | Marine Ecology Progress Series | 2005,Patagonotothen ramsayi,Chordata,Teleostei,Perciformes,Nototheniidae,Patagonotothen,ramsayi,Teleostei,6.88,5.62,Broad group,Teleostei,1.26,18.3139534884,1
Eder and Lewis,Marine Ecology Progress Series,2005,Eder and Lewis | Marine Ecology Progress Series | 2005,Prionotus nudigula,Chordata,Teleostei,Scorpaeniformes,Triglidae,Prionotus,nudigula,Teleostei,4.63,8.2,Family,Triglidae,3.57,77.1058315335,1
Eder and Lewis,Marine Ecology Progress Series,2005,Eder and Lewis | Marine Ecology Progress Series | 2005,Psammobatis normani,Chordata,Chondrichthyes,Rajiformes,Arhynchobatidae,Psammobatis,normani,Chondrichthyes,3.61,5.7,Broad group,Chondrichthyes,2.09,57.8947368421,1
Eder and Lewis,Marine Ecology Progress Series,2005,Eder and Lewis | Marine Ecology Progress Series | 2005,Psammobatis scobina,Chordata,Chondrichthyes,Rajiformes,Arhynchobatidae,Psammobatis,scobina,Chondrichthyes,3.79,5.7,Broad group,Chondrichthyes,1.91,50.3957783641,1
Eder and Lewis,Marine Ecology Progress Series,2005,Eder and Lewis | Marine Ecology Progress Series | 2005,Pseudopercis semifasciata,Chordata,Teleostei,Perciformes,Pinguipedidae,Pseudopercis,semifasciata,Teleostei,4.97,5.62,Broad group,Teleostei,0.65,13.0784708249,1
Eder and Lewis,Marine Ecology Progress Series,2005,Eder and Lewis | Marine Ecology Progress Series | 2005,Salilota australis,Chordata,Teleostei,Gadiformes,Moridae,Salilota,australis,Teleostei,4.44,5.62,Broad group,Teleostei,1.18,26.5765765766,1
Eder and Lewis,Marine Ecology Progress Series,2005,Eder and Lewis | Marine Ecology Progress Series | 2005,Schroederichthys bivius,Chordata,Chondrichthyes,Carcharhiniformes,Scyliorhinidae,Schroederichthys,bivius,Chondrichthyes,6.34,6.4,Family,Scyliorhinidae,0.06,0.9463722397,1
Eder and Lewis,Marine Ecology Progress Series,2005,Eder and Lewis | Marine Ecology Progress Series | 2005,Scomber japonicus,Chordata,Teleostei,Perciformes,Scombridae,Scomber,japonicus,Teleostei,7.06,6.1225,Genus,Scomber,0.9375,13.2790368272,1
Eder and Lewis,Marine Ecology Progress Series,2005,Eder and Lewis | Marine Ecology Progress Series | 2005,Sebastes oculatus,Chordata,Teleostei,Scorpaeniformes,Scorpaenidae,Sebastes,oculatus,Teleostei,5.12,5.1,Family,Scorpaenidae,0.02,0.390625,1
Eder and Lewis,Marine Ecology Progress Series,2005,Eder and Lewis | Marine Ecology Progress Series | 2005,Seriolella punctata,Chordata,Teleostei,Perciformes,Centrolophidae,Seriolella,punctata,Teleostei,9.36,5.62,Broad group,Teleostei,3.74,39.9572649573,1
Eder and Lewis,Marine Ecology Progress Series,2005,Eder and Lewis | Marine Ecology Progress Series | 2005,Squalus acanthias,Chordata,Chondrichthyes,Squaliformes,Squalidae,Squalus,acanthias,Chondrichthyes,6.42,5.7,Broad group,Chondrichthyes,0.72,11.214953271,1
Eder and Lewis,Marine Ecology Progress Series,2005,Eder and Lewis | Marine Ecology Progress Series | 2005,Stromateus brasiliensis,Chordata,Teleostei,Perciformes,Stromateidae,Stromateus,brasiliensis,Teleostei,9.92,6.74,Family,Stromateidae,3.18,32.0564516129,1
Fraley et al.,"Marine and Coastal Fisheries: Dynamics, Management, and Ecosystem Science",2021,"Fraley et al. | Marine and Coastal Fisheries: Dynamics, Management, and Ecosystem Science | 2021",Coregonus laurettae,Chordata,Teleostei,Salmoniformes,Salmonidae,Coregonus,laurettae,Teleostei,11.8,5.62,Broad group,Teleostei,6.18,52.3728813559,1
Fraley et al.,"Marine and Coastal Fisheries: Dynamics, Management, and Ecosystem Science",2021,"Fraley et al. | Marine and Coastal Fisheries: Dynamics, Management, and Ecosystem Science | 2021",Coregonus pidschian,Chordata,Teleostei,Salmoniformes,Salmonidae,Coregonus,pidschian,Teleostei,6.9,5.62,Broad group,Teleostei,1.28,18.5507246377,1
Fraley et al.,"Marine and Coastal Fisheries: Dynamics, Management, and Ecosystem Science",2021,"Fraley et al. | Marine and Coastal Fisheries: Dynamics, Management, and Ecosystem Science | 2021",Coregonus sardinella,Chordata,Teleostei,Salmoniformes,Salmonidae,Coregonus,sardinella,Teleostei,8.4,5.62,Broad group,Teleostei,2.78,33.0952380952,1
Fraley et al.,"Marine and Coastal Fisheries: Dynamics, Management, and Ecosystem Science",2021,"Fraley et al. | Marine and Coastal Fisheries: Dynamics, Management, and Ecosystem Science | 2021",Eleginus gracilis,Chordata,Teleostei,Gadiformes,Gadidae,Eleginus,gracilis,Teleostei,4.5,4.7,Family,Gadidae,0.2,4.4444444444,1
Fraley et al.,"Marine and Coastal Fisheries: Dynamics, Management, and Ecosystem Science",2021,"Fraley et al. | Marine and Coastal Fisheries: Dynamics, Management, and Ecosystem Science | 2021",Hypomesus olidus,Chordata,Teleostei,Osmeriformes,Osmeridae,Hypomesus,olidus,Teleostei,4.8,9.04,Family,Osmeridae,4.24,88.3333333333,1
Fraley et al.,"Marine and Coastal Fisheries: Dynamics, Management, and Ecosystem Science",2021,"Fraley et al. | Marine and Coastal Fisheries: Dynamics, Management, and Ecosystem Science | 2021",Liopsetta glacialis,Chordata,Teleostei,Pleuronectiformes,Pleuronectidae,Liopsetta,glacialis,Teleostei,6.4,5.6,Family,Pleuronectidae,0.8,12.5,1
Fraley et al.,"Marine and Coastal Fisheries: Dynamics, Management, and Ecosystem Science",2021,"Fraley et al. | Marine and Coastal Fisheries: Dynamics, Management, and Ecosystem Science | 2021",Myoxocephalus quadricornis,Chordata,Teleostei,Scorpaeniformes,Cottidae,Myoxocephalus,quadricornis,Teleostei,4.1,4.35,Family,Cottidae,0.25,6.0975609756,1
Fraley et al.,"Marine and Coastal Fisheries: Dynamics, Management, and Ecosystem Science",2021,"Fraley et al. | Marine and Coastal Fisheries: Dynamics, Management, and Ecosystem Science | 2021",Platichthys stellatus,Chordata,Teleostei,Pleuronectiformes,Pleuronectidae,Platichthys,stellatus,Teleostei,5.0,5.6,Family,Pleuronectidae,0.6,12.0,1
Fraley et al.,"Marine and Coastal Fisheries: Dynamics, Management, and Ecosystem Science",2021,"Fraley et al. | Marine and Coastal Fisheries: Dynamics, Management, and Ecosystem Science | 2021",Stenodus leucichthys,Chordata,Teleostei,Salmoniformes,Salmonidae,Stenodus,leucichthys,Teleostei,7.2,5.62,Broad group,Teleostei,1.58,21.9444444444,1
Green and Brothers,Physiological Zoology,1989,Green and Brothers | Physiological Zoology | 1989,Ampelisca macrocephala,Arthropoda,Malacostraca,Amphipoda,Ampeliscidae,Ampelisca,macrocephala,Crustacea,2.02,3.9,Broad group,Crustacea,1.88,93.0693069307,1
Green and Brothers,Physiological Zoology,1989,Green and Brothers | Physiological Zoology | 1989,Atylus tridens,Arthropoda,Malacostraca,Amphipoda,Dexaminidae,Atylus,tridens,Crustacea,0.78,3.9,Broad group,Crustacea,3.12,400.0,3
Green and Brothers,Physiological Zoology,1989,Green and Brothers | Physiological Zoology | 1989,Cancer magister,Arthropoda,Malacostraca,Decapoda,Cancridae,Cancer,magister,Crustacea,4.21,3.9,Broad group,Crustacea,0.31,7.3634204276,1
Green and Brothers,Physiological Zoology,1989,Green and Brothers | Physiological Zoology | 1989,Holmesimysis sculpta,Arthropoda,Malacostraca,Mysida,Mysidae,Holmesimysis,sculpta,Crustacea,1.65,2.2,Family,Mysidae,0.55,33.3333333333,3
Green and Brothers,Physiological Zoology,1989,Green and Brothers | Physiological Zoology | 1989,Neomysis rayii,Arthropoda,Malacostraca,Mysida,Mysidae,Neomysis,rayii,Crustacea,2.5,2.2,Family,Mysidae,0.3,12.0,3
Green and Brothers,Physiological Zoology,1989,Green and Brothers | Physiological Zoology | 1989,Polycheria osborni,Arthropoda,Malacostraca,Amphipoda,Dexaminidae,Polycheria,osborni,Crustacea,0.83,3.9,Broad group,Crustacea,3.07,369.8795180723,1
Harris et al.,Journal of Fish Biology,1986,Harris et al. | Journal of Fish Biology | 1986,Gadus chalcogrammus,Chordata,Teleostei,Gadiformes,Gadidae,Gadus,chalcogrammus,Teleostei,5.45,4.7,Family,Gadidae,0.75,13.7614678899,1
Hurst and Conover,Ecology,2003,Hurst and Conover | Ecology | 2003,Morone saxatilis,Chordata,Teleostei,Perciformes,Moronidae,Morone,saxatilis,Teleostei,3.82,6.0,Family,Moronidae,2.18,57.0680628272,1
Iverson et al.,Marine Ecology Progress Series,2002,Iverson et al. | Marine Ecology Progress Series | 2002,Anoplopoma fimbria,Chordata,Teleostei,Scorpaeniformes,Anoplopomatidae,Anoplopoma,fimbria,Teleostei,4.02,5.62,Broad group,Teleostei,1.6,39.8009950249,1
Iverson et al.,Marine Ecology Progress Series,2002,Iverson et al. | Marine Ecology Progress Series | 2002,Gadus chalcogrammus,Chordata,Teleostei,Gadiformes,Gadidae,Gadus,chalcogrammus,Teleostei,3.92,4.7,Family,Gadidae,0.78,19.8979591837,1
Iverson et al.,Marine Ecology Progress Series,2002,Iverson et al. | Marine Ecology Progress Series | 2002,Gadus macrocephalus,Chordata,Teleostei,Gadiformes,Gadidae,Gadus,macrocephalus,Teleostei,3.79,4.7,Family,Gadidae,0.91,24.0105540897,1
Iverson et al.,Marine Ecology Progress Series,2002,Iverson et al. | Marine Ecology Progress Series | 2002,Hippoglossus stenolepis,Chordata,Teleostei,Pleuronectiformes,Pleuronectidae,Hippoglossus,stenolepis,Teleostei,3.31,5.6,Family,Pleuronectidae,2.29,69.1842900302,1
Iverson et al.,Marine Ecology Progress Series,2002,Iverson et al. | Marine Ecology Progress Series | 2002,Oncorhynchus gorbuscha,Chordata,Teleostei,Salmoniformes,Salmonidae,Oncorhynchus,gorbuscha,Teleostei,3.94,5.62,Broad group,Teleostei,1.68,42.6395939086,1
Iverson et al.,Marine Ecology Progress Series,2002,Iverson et al. | Marine Ecology Progress Series | 2002,Oncorhynchus keta,Chordata,Teleostei,Salmoniformes,Salmonidae,Oncorhynchus,keta,Teleostei,3.55,5.62,Broad group,Teleostei,2.07,58.3098591549,1
Iverson et al.,Marine Ecology Progress Series,2002,Iverson et al. | Marine Ecology Progress Series | 2002,Osmerus mordax,Chordata,Teleostei,Osmeriformes,Osmeridae,Osmerus,mordax,Teleostei,4.41,9.04,Family,Osmeridae,4.63,104.9886621315,1
Kim et al.,Fisheries Research,2016,Kim et al. | Fisheries Research | 2016,Trachurus japonicus,Chordata,Teleostei,Perciformes,Trachinidae,Trachurus,japonicus,Teleostei,6.05,5.89,Genus,Trachurus,0.16,2.6446280992,8
Kitchell et al.,Environmental Biology of Fishes,1977,Kitchell et al. | Environmental Biology of Fishes | 1977,Katsuwonus pelamis,Chordata,Teleostei,Perciformes,Scombridae,Katsuwonus,pelamis,Teleostei,6.13,6.1225,Family,Scombridae,0.0075,0.1223491028,1
Knoth,Thesis--University of Alaska Fairbanks,2006,Knoth | Thesis--University of Alaska Fairbanks | 2006,Atheresthes stomias,Chordata,Teleostei,Pleuronectiformes,Pleuronectidae,Atheresthes,stomias,Teleostei,3.82,5.6,Family,Pleuronectidae,1.78,46.5968586387,3
Knoth,Thesis--University of Alaska Fairbanks,2006,Knoth | Thesis--University of Alaska Fairbanks | 2006,Gadus chalcogrammus,Chordata,Teleostei,Gadiformes,Gadidae,Gadus,chalcogrammus,Teleostei,4.45,4.7,Family,Gadidae,0.25,5.6179775281,3
Knoth,Thesis--University of Alaska Fairbanks,2006,Knoth | Thesis--University of Alaska Fairbanks | 2006,Pandalus eous,Arthropoda,Malacostraca,Decapoda,Pandalidae,Pandalus,eous,Crustacea,3.835,3.9,Broad group,Crustacea,0.065,1.6949152542,2
Koval et al.,North Pacific Anadromous Fish Commission Bulletin,2011,Koval et al. | North Pacific Anadromous Fish Commission Bulletin | 2011,Oncorhynchus keta,Chordata,Teleostei,Salmoniformes,Salmonidae,Oncorhynchus,keta,Teleostei,4.35,5.62,Broad group,Teleostei,1.27,29.1954022989,1
Koval et al.,North Pacific Anadromous Fish Commission Bulletin,2011,Koval et al. | North Pacific Anadromous Fish Commission Bulletin | 2011,Oncorhynchus kisutch,Chordata,Teleostei,Salmoniformes,Salmonidae,Oncorhynchus,kisutch,Teleostei,4.31,5.62,Broad group,Teleostei,1.31,30.3944315545,1
Koval et al.,North Pacific Anadromous Fish Commission Bulletin,2011,Koval et al. | North Pacific Anadromous Fish Commission Bulletin | 2011,Oncorhynchus nerka,Chordata,Teleostei,Salmoniformes,Salmonidae,Oncorhynchus,nerka,Teleostei,4.32,5.62,Broad group,Teleostei,1.3,30.0925925926,1
Koval et al.,North Pacific Anadromous Fish Commission Bulletin,2011,Koval et al. | North Pacific Anadromous Fish Commission Bulletin | 2011,Oncorhynchus tshawytscha,Chordata,Teleostei,Salmoniformes,Salmonidae,Oncorhynchus,tshawytscha,Teleostei,4.42,5.62,Broad group,Teleostei,1.2,27.149321267,1
LaRoche,Thesis--University of Alaska Fairbanks,2020,LaRoche | Thesis--University of Alaska Fairbanks | 2020,Apostichopus californicus,Echinodermata,Holothuroidea,Synallactida,Stichopodidae,Apostichopus,californicus,Other invertebrates,0.832,3.0,Broad group,Other invertebrates,2.168,260.5769230769,3
LaRoche,Thesis--University of Alaska Fairbanks,2020,LaRoche | Thesis--University of Alaska Fairbanks | 2020,Cancer magister,Arthropoda,Malacostraca,Decapoda,Cancridae,Cancer,magister,Crustacea,3.4,3.9,Broad group,Crustacea,0.5,14.7058823529,3
LaRoche,Thesis--University of Alaska Fairbanks,2020,LaRoche | Thesis--University of Alaska Fairbanks | 2020,Cancer oregonensis,Arthropoda,Malacostraca,Decapoda,Cancridae,Cancer,oregonensis,Crustacea,3.615,3.9,Broad group,Crustacea,0.285,7.8838174274,2
LaRoche,Thesis--University of Alaska Fairbanks,2020,LaRoche | Thesis--University of Alaska Fairbanks | 2020,Cancer productus,Arthropoda,Malacostraca,Decapoda,Cancridae,Cancer,productus,Crustacea,3.12,3.9,Broad group,Crustacea,0.78,25.0,3
LaRoche,Thesis--University of Alaska Fairbanks,2020,LaRoche | Thesis--University of Alaska Fairbanks | 2020,Clinocardium nuttalli,Mollusca,Bivalvia,Cardiida,Cardiidae,Clinocardium,nuttallii,Mollusca (non-cephalopods),2.87,1.57,Genus,Clinocardium,1.3,45.2961672474,3
LaRoche,Thesis--University of Alaska Fairbanks,2020,LaRoche | Thesis--University of Alaska Fairbanks | 2020,Leukoma staminea,Mollusca,Bivalvia,Venerida,Veneridae,Leukoma,staminea,Mollusca (non-cephalopods),2.43,2.14,Broad group,Mollusca (non-cephalopods),0.29,11.9341563786,3
LaRoche,Thesis--University of Alaska Fairbanks,2020,LaRoche | Thesis--University of Alaska Fairbanks | 2020,Mytilus trossulus,Mollusca,Bivalvia,Mytilida,Mytilidae,Mytilus,trossulus,Mollusca (non-cephalopods),3.26,2.14,Broad group,Mollusca (non-cephalopods),1.12,34.3558282209,2
LaRoche,Thesis--University of Alaska Fairbanks,2020,LaRoche | Thesis--University of Alaska Fairbanks | 2020,Pugettia producta,Arthropoda,Malacostraca,Decapoda,Epialtidae,Pugettia,producta,Crustacea,3.85,3.9,Broad group,Crustacea,0.05,1.2987012987,2
LaRoche,Thesis--University of Alaska Fairbanks,2020,LaRoche | Thesis--University of Alaska Fairbanks | 2020,Saxidomus gigantea,Mollusca,Bivalvia,Venerida,Veneridae,Saxidomus,gigantea,Mollusca (non-cephalopods),2.99,2.14,Broad group,Mollusca (non-cephalopods),0.85,28.4280936455,3
LaRoche,Thesis--University of Alaska Fairbanks,2020,LaRoche | Thesis--University of Alaska Fairbanks | 2020,Telmessus cheiragonus,Arthropoda,Malacostraca,Decapoda,Cheiragonidae,Telmessus,cheiragonus,Crustacea,3.41,3.9,Broad group,Crustacea,0.49,14.3695014663,3
Logerwell and Schaufler,Aquatic Mammals,2005,Logerwell and Schaufler | Aquatic Mammals | 2005,Aptocyclus ventricosus,Chordata,Teleostei,Scorpaeniformes,Cyclopteridae,Aptocyclus,ventricosus,Teleostei,2.4,5.62,Broad group,Teleostei,3.22,134.1666666667,1
Logerwell and Schaufler,Aquatic Mammals,2005,Logerwell and Schaufler | Aquatic Mammals | 2005,Bathyraja interrupta,Chordata,Chondrichthyes,Rajiformes,Arhynchobatidae,Bathyraja,interrupta,Chondrichthyes,3.5,5.7,Broad group,Chondrichthyes,2.2,62.8571428571,3
Logerwell and Schaufler,Aquatic Mammals,2005,Logerwell and Schaufler | Aquatic Mammals | 2005,Bathyraja lindbergi,Chordata,Chondrichthyes,Rajiformes,Arhynchobatidae,Bathyraja,lindbergi,Chondrichthyes,3.5,5.7,Broad group,Chondrichthyes,2.2,62.8571428571,1
Logerwell and Schaufler,Aquatic Mammals,2005,Logerwell and Schaufler | Aquatic Mammals | 2005,Bathyraja maculata,Chordata,Chondrichthyes,Rajiformes,Arhynchobatidae,Bathyraja,maculata,Chondrichthyes,3.7,5.7,Broad group,Chondrichthyes,2.0,54.0540540541,3
Logerwell and Schaufler,Aquatic Mammals,2005,Logerwell and Schaufler | Aquatic Mammals | 2005,Bathyraja parmifera,Chordata,Chondrichthyes,Rajiformes,Arhynchobatidae,Bathyraja,parmifera,Chondrichthyes,2.4,5.7,Broad group,Chondrichthyes,3.3,137.5,2
Logerwell and Schaufler,Aquatic Mammals,2005,Logerwell and Schaufler | Aquatic Mammals | 2005,Berryteuthis magister,Mollusca,Cephalopoda,Teuthida,Gonatidae,Berryteuthis,magister,Cephalopoda,3.95,4.7,Broad group,Cephalopoda,0.75,18.9873417722,2
Logerwell and Schaufler,Aquatic Mammals,2005,Logerwell and Schaufler | Aquatic Mammals | 2005,Gadus chalcogrammus,Chordata,Teleostei,Gadiformes,Gadidae,Gadus,chalcogrammus,Teleostei,4.525,4.7,Family,Gadidae,0.175,3.8674033149,18
Logerwell and Schaufler,Aquatic Mammals,2005,Logerwell and Schaufler | Aquatic Mammals | 2005,Gadus macrocephalus,Chordata,Teleostei,Gadiformes,Gadidae,Gadus,macrocephalus,Teleostei,4.1,4.7,Family,Gadidae,0.6,14.6341463415,9
Logerwell and Schaufler,Aquatic Mammals,2005,Logerwell and Schaufler | Aquatic Mammals | 2005,Hemilepidotus jordani,Chordata,Teleostei,Scorpaeniformes,Cottidae,Hemilepidotus,jordani,Teleostei,4.1,4.35,Family,Cottidae,0.25,6.0975609756,5
Logerwell and Schaufler,Aquatic Mammals,2005,Logerwell and Schaufler | Aquatic Mammals | 2005,Hypomesus pretiosus,Chordata,Teleostei,Osmeriformes,Osmeridae,Hypomesus,pretiosus,Teleostei,5.3,9.04,Family,Osmeridae,3.74,70.5660377358,1
Logerwell and Schaufler,Aquatic Mammals,2005,Logerwell and Schaufler | Aquatic Mammals | 2005,Lepidopsetta bilineata,Chordata,Teleostei,Pleuronectiformes,Pleuronectidae,Lepidopsetta,bilineata,Teleostei,3.675,5.6,Family,Pleuronectidae,1.925,52.380952381,4
Logerwell and Schaufler,Aquatic Mammals,2005,Logerwell and Schaufler | Aquatic Mammals | 2005,Lepidopsetta polyxystra,Chordata,Teleostei,Pleuronectiformes,Pleuronectidae,Lepidopsetta,polyxystra,Teleostei,2.3,5.6,Family,Pleuronectidae,3.3,143.4782608696,3
Logerwell and Schaufler,Aquatic Mammals,2005,Logerwell and Schaufler | Aquatic Mammals | 2005,Oncorhynchus gorbuscha,Chordata,Teleostei,Salmoniformes,Salmonidae,Oncorhynchus,gorbuscha,Teleostei,4.41,5.62,Broad group,Teleostei,1.21,27.4376417234,1
Logerwell and Schaufler,Aquatic Mammals,2005,Logerwell and Schaufler | Aquatic Mammals | 2005,Oncorhynchus kisutch,Chordata,Teleostei,Salmoniformes,Salmonidae,Oncorhynchus,kisutch,Teleostei,4.75,5.62,Broad group,Teleostei,0.87,18.3157894737,2
Logerwell and Schaufler,Aquatic Mammals,2005,Logerwell and Schaufler | Aquatic Mammals | 2005,Oncorhynchus nerka,Chordata,Teleostei,Salmoniformes,Salmonidae,Oncorhynchus,nerka,Teleostei,3.41,5.62,Broad group,Teleostei,2.21,64.8093841642,1
Logerwell and Schaufler,Aquatic Mammals,2005,Logerwell and Schaufler | Aquatic Mammals | 2005,Oncorhynchus tshawytscha,Chordata,Teleostei,Salmoniformes,Salmonidae,Oncorhynchus,tshawytscha,Teleostei,6.48,5.62,Broad group,Teleostei,0.86,13.2716049383,2
Logerwell and Schaufler,Aquatic Mammals,2005,Logerwell and Schaufler | Aquatic Mammals | 2005,Raja rhina,Chordata,Chondrichthyes,Rajiformes,Rajidae,Raja,rhina,Chondrichthyes,4.8,5.7,Family,Rajidae,0.9,18.75,1
Logerwell and Schaufler,Aquatic Mammals,2005,Logerwell and Schaufler | Aquatic Mammals | 2005,Rhina ancylostoma,Chordata,Chondrichthyes,Rhiniformes,Rhinidae,Rhina,ancylostoma,Chondrichthyes,4.185,5.7,Broad group,Chondrichthyes,1.515,36.2007168459,2
Logerwell and Schaufler,Aquatic Mammals,2005,Logerwell and Schaufler | Aquatic Mammals | 2005,Sebastes alutus,Chordata,Teleostei,Scorpaeniformes,Scorpaenidae,Sebastes,alutus,Teleostei,6.5,5.1,Family,Scorpaenidae,1.4,21.5384615385,1
Logerwell and Schaufler,Aquatic Mammals,2005,Logerwell and Schaufler | Aquatic Mammals | 2005,Sebastes polyspinis,Chordata,Teleostei,Scorpaeniformes,Scorpaenidae,Sebastes,polyspinis,Teleostei,6.64,5.1,Family,Scorpaenidae,1.54,23.1927710843,2
Logerwell and Schaufler,Aquatic Mammals,2005,Logerwell and Schaufler | Aquatic Mammals | 2005,Trichodon trichodon,Chordata,Teleostei,Perciformes,Trichodontidae,Trichodon,trichodon,Teleostei,4.2,5.62,Broad group,Teleostei,1.42,33.8095238095,3
MacFarlane,Canadian Journal of Fisheries and Aquatic Sciences,2010,MacFarlane | Canadian Journal of Fisheries and Aquatic Sciences | 2010,Oncorhynchus tshawytscha,Chordata,Teleostei,Salmoniformes,Salmonidae,Oncorhynchus,tshawytscha,Teleostei,4.24,5.62,Broad group,Teleostei,1.38,32.5471698113,1
Marais and Erasmus,Aquaculture,1977,Marais and Erasmus | Aquaculture | 1977,Liza dumerili,Chordata,Teleostei,Mugiliformes,Mugilidae,Liza,dumerili,Teleostei,4.905,5.945,Genus,Liza,1.04,21.2028542304,4
Marais and Erasmus,Aquaculture,1977,Marais and Erasmus | Aquaculture | 1977,Liza richardsonii,Chordata,Teleostei,Mugiliformes,Mugilidae,Liza,richardsonii,Teleostei,5.09,5.945,Genus,Liza,0.855,16.7976424361,5
Marais and Erasmus,Aquaculture,1977,Marais and Erasmus | Aquaculture | 1977,Liza tricuspidens,Chordata,Teleostei,Mugiliformes,Mugilidae,Liza,tricuspidens,Teleostei,5.23,5.945,Genus,Liza,0.715,13.6711281071,5
Marais and Erasmus,Aquaculture,1977,Marais and Erasmus | Aquaculture | 1977,Mugil cephalus,Chordata,Teleostei,Mugiliformes,Mugilidae,Mugil,cephalus,Teleostei,5.18,6.14,Family,Mugilidae,0.96,18.5328185328,5
Maresh et al.,Environmental Monitoring and Assessment,2022,Maresh et al. | Environmental Monitoring and Assessment | 2022,Anisogammarus pugettensis,Arthropoda,Malacostraca,Amphipoda,Anisogammaridae,Anisogammarus,pugettensis,Crustacea,4.0,3.9,Broad group,Crustacea,0.1,2.5,1
Maresh et al.,Environmental Monitoring and Assessment,2022,Maresh et al. | Environmental Monitoring and Assessment | 2022,Anonyx nugax,Arthropoda,Malacostraca,Amphipoda,Uristidae,Anonyx,nugax,Crustacea,3.3,3.9,Broad group,Crustacea,0.6,18.1818181818,1
Maresh et al.,Environmental Monitoring and Assessment,2022,Maresh et al. | Environmental Monitoring and Assessment | 2022,Eohaustorius setulosus,Arthropoda,Malacostraca,Amphipoda,Haustoriidae,Eohaustorius,setulosus,Crustacea,3.16,3.9,Broad group,Crustacea,0.74,23.417721519,1
Maresh et al.,Environmental Monitoring and Assessment,2022,Maresh et al. | Environmental Monitoring and Assessment | 2022,Monoporeia affinis,Arthropoda,Malacostraca,Amphipoda,Pontoporeiidae,Monoporeia,affinis,Crustacea,7.19,3.9,Broad group,Crustacea,3.29,45.7579972184,1
Maresh et al.,Environmental Monitoring and Assessment,2022,Maresh et al. | Environmental Monitoring and Assessment | 2022,Siliqua alta,Mollusca,Bivalvia,Solenida,Pharidae,Siliqua,alta,Mollusca (non-cephalopods),4.78,2.14,Broad group,Mollusca (non-cephalopods),2.64,55.230125523,1
Maresh et al.,Environmental Monitoring and Assessment,2022,Maresh et al. | Environmental Monitoring and Assessment | 2022,Synidotea cinerea,Arthropoda,Malacostraca,Isopoda,Idoteidae,Synidotea,cinerea,Crustacea,3.24,3.9,Broad group,Crustacea,0.66,20.3703703704,1
McKinstry et al.,Endangered Species Research,2013,McKinstry et al. | Endangered Species Research | 2013,Calanus finmarchicus,Arthropoda,Maxillopoda,Calanoida,Calanidae,Calanus,finmarchicus,Crustacea,6.385,3.9,Broad group,Crustacea,2.485,38.9193422083,6
Neighbors and Nafpaktitis,Marine Biology,1982,Neighbors and Nafpaktitis | Marine Biology | 1982,Ceratoscopelus townsendi,Chordata,Teleostei,Myctophiformes,Myctophidae,Ceratoscopelus,townsendi,Teleostei,6.44,7.0,Family,Myctophidae,0.56,8.6956521739,1
Neighbors and Nafpaktitis,Marine Biology,1982,Neighbors and Nafpaktitis | Marine Biology | 1982,Diaphus theta,Chordata,Teleostei,Myctophiformes,Myctophidae,Diaphus,theta,Teleostei,6.18,7.0,Family,Myctophidae,0.82,13.2686084142,1
Neighbors and Nafpaktitis,Marine Biology,1982,Neighbors and Nafpaktitis | Marine Biology | 1982,Nannobrachium ritteri,Chordata,Teleostei,Myctophiformes,Myctophidae,Nannobrachium,ritteri,Teleostei,6.98,7.0,Family,Myctophidae,0.02,0.2865329513,1
Neighbors and Nafpaktitis,Marine Biology,1982,Neighbors and Nafpaktitis | Marine Biology | 1982,Symbolophorus californiensis,Chordata,Teleostei,Myctophiformes,Myctophidae,Symbolophorus,californiensis,Teleostei,5.69,7.0,Family,Myctophidae,1.31,23.0228471002,1
Neighbors and Nafpaktitis,Marine Biology,1982,Neighbors and Nafpaktitis | Marine Biology | 1982,Triphoturus mexicanus,Chordata,Teleostei,Myctophiformes,Myctophidae,Triphoturus,mexicanus,Teleostei,7.7,7.0,Family,Myctophidae,0.7,9.0909090909,1
Payne et al.,Fisheries Oceanography,1999,Payne et al. | Fisheries Oceanography | 1999,Gadus chalcogrammus,Chordata,Teleostei,Gadiformes,Gadidae,Gadus,chalcogrammus,Teleostei,3.93,4.7,Family,Gadidae,0.77,19.5928753181,1
Payne et al.,Fisheries Oceanography,1999,Payne et al. | Fisheries Oceanography | 1999,Trichodon trichodon,Chordata,Teleostei,Perciformes,Trichodontidae,Trichodon,trichodon,Teleostei,5.15,5.62,Broad group,Teleostei,0.47,9.1262135922,1
Pedersen and Hislop,Journal of Fish Biology,2001,Pedersen and Hislop | Journal of Fish Biology | 2001,Ammodytes marinus,Chordata,Teleostei,Perciformes,Ammodytidae,Ammodytes,marinus,Teleostei,5.01,5.8,Genus,Ammodytes,0.79,15.7684630739,11
Pedersen and Hislop,Journal of Fish Biology,2001,Pedersen and Hislop | Journal of Fish Biology | 2001,Melanogrammus aeglefinus,Chordata,Teleostei,Gadiformes,Gadidae,Melanogrammus,aeglefinus,Teleostei,4.5,4.7,Family,Gadidae,0.2,4.4444444444,37
Pedersen and Hislop,Journal of Fish Biology,2001,Pedersen and Hislop | Journal of Fish Biology | 2001,Pollachius virens,Chordata,Teleostei,Gadiformes,Gadidae,Pollachius,virens,Teleostei,5.0,4.2,Genus,Pollachius,0.8,16.0,32
Pedersen and Hislop,Journal of Fish Biology,2001,Pedersen and Hislop | Journal of Fish Biology | 2001,Trisopterus esmarkii,Chordata,Teleostei,Gadiformes,Gadidae,Trisopterus,esmarkii,Teleostei,4.6,4.9,Genus,Trisopterus,0.3,6.5217391304,22
Perez,NOAA Technical Memorandum,1994,Perez | NOAA Technical Memorandum | 1994,Anoplopoma fimbria,Chordata,Teleostei,Scorpaeniformes,Anoplopomatidae,Anoplopoma,fimbria,Teleostei,5.42,5.62,Broad group,Teleostei,0.2,3.6900369004,1
Perez,NOAA Technical Memorandum,1994,Perez | NOAA Technical Memorandum | 1994,Atheresthes stomias,Chordata,Teleostei,Pleuronectiformes,Pleuronectidae,Atheresthes,stomias,Teleostei,5.13,5.6,Family,Pleuronectidae,0.47,9.1617933723,1
Perez,NOAA Technical Memorandum,1994,Perez | NOAA Technical Memorandum | 1994,Gadus chalcogrammus,Chordata,Teleostei,Gadiformes,Gadidae,Gadus,chalcogrammus,Teleostei,4.68,4.7,Family,Gadidae,0.02,0.4273504274,1
Perez,NOAA Technical Memorandum,1994,Perez | NOAA Technical Memorandum | 1994,Gadus macrocephalus,Chordata,Teleostei,Gadiformes,Gadidae,Gadus,macrocephalus,Teleostei,3.94,4.7,Family,Gadidae,0.76,19.2893401015,1
Perez,NOAA Technical Memorandum,1994,Perez | NOAA Technical Memorandum | 1994,Morone saxatilis,Chordata,Teleostei,Perciformes,Moronidae,Morone,saxatilis,Teleostei,6.24,6.0,Family,Moronidae,0.24,3.8461538462,1
Perez,NOAA Technical Memorandum,1994,Perez | NOAA Technical Memorandum | 1994,Sebastes alutus,Chordata,Teleostei,Scorpaeniformes,Scorpaenidae,Sebastes,alutus,Teleostei,6.17,5.1,Family,Scorpaenidae,1.07,17.3419773096,1
Rippetoe,Thesis--University of Maryland,1993,Rippetoe | Thesis--University of Maryland | 1993,Brevoortia tyrannus,Chordata,Teleostei,Clupeiformes,Clupeidae,Brevoortia,tyrannus,Teleostei,3.87,6.99,Family,Clupeidae,3.12,80.6201550388,8
Roby et al.,Canadian Journal of Zoology,2003,Roby et al. | Canadian Journal of Zoology | 2003,Oncorhynchus kisutch,Chordata,Teleostei,Salmoniformes,Salmonidae,Oncorhynchus,kisutch,Teleostei,5.04,5.62,Broad group,Teleostei,0.58,11.5079365079,1
Roby et al.,Canadian Journal of Zoology,2003,Roby et al. | Canadian Journal of Zoology | 2003,Oncorhynchus mykiss,Chordata,Teleostei,Salmoniformes,Salmonidae,Oncorhynchus,mykiss,Teleostei,4.61,5.62,Broad group,Teleostei,1.01,21.9088937093,1
Roby et al.,Canadian Journal of Zoology,2003,Roby et al. | Canadian Journal of Zoology | 2003,Oncorhynchus tshawytscha,Chordata,Teleostei,Salmoniformes,Salmonidae,Oncorhynchus,tshawytscha,Teleostei,3.98,5.62,Broad group,Teleostei,1.64,41.2060301508,1
Roby et al.,Canadian Journal of Zoology,2003,Roby et al. | Canadian Journal of Zoology | 2003,Ptychocheilus oregonensis,Chordata,Teleostei,Cypriniformes,Leuciscidae,Ptychocheilus,oregonensis,Teleostei,5.69,5.62,Broad group,Teleostei,0.07,1.230228471,1
Schloesser and Fabrizio,Transactions of the American Fisheries Society,2015,Schloesser and Fabrizio | Transactions of the American Fisheries Society | 2015,Micropogonias undulatus,Chordata,Teleostei,Perciformes,Sciaenidae,Micropogonias,undulatus,Teleostei,4.73,5.56,Family,Sciaenidae,0.83,17.5475687104,2
Schloesser and Fabrizio,Transactions of the American Fisheries Society,2015,Schloesser and Fabrizio | Transactions of the American Fisheries Society | 2015,Morone saxatilis,Chordata,Teleostei,Perciformes,Moronidae,Morone,saxatilis,Teleostei,4.965,6.0,Family,Moronidae,1.035,20.8459214502,2
Schloesser and Fabrizio,Transactions of the American Fisheries Society,2015,Schloesser and Fabrizio | Transactions of the American Fisheries Society | 2015,Paralichthys dentatus,Chordata,Teleostei,Pleuronectiformes,Paralichthyidae,Paralichthys,dentatus,Teleostei,4.315,5.62,Broad group,Teleostei,1.305,30.2433371958,2
Schultz and Conover,Oecologia,1997,Schultz and Conover | Oecologia | 1997,Menidia menidia,Chordata,Teleostei,Atheriniformes,Atherinopsidae,Menidia,menidia,Teleostei,4.04,5.62,Broad group,Teleostei,1.58,39.1089108911,1
Sinclair et al.,PLOS One,2015,Sinclair et al. | PLOS One | 2015,Albatrossia pectoralis,Chordata,Teleostei,Gadiformes,Macrouridae,Albatrossia,pectoralis,Teleostei,4.68,5.1,Family,Macrouridae,0.42,8.9743589744,2
Sinclair et al.,PLOS One,2015,Sinclair et al. | PLOS One | 2015,Bathylagus milleri,Chordata,Teleostei,Osmeriformes,Bathylagidae,Bathylagus,milleri,Teleostei,6.26,5.62,Broad group,Teleostei,0.64,10.2236421725,1
Sinclair et al.,PLOS One,2015,Sinclair et al. | PLOS One | 2015,Bathylagus ochotensis,Chordata,Teleostei,Osmeriformes,Bathylagidae,Bathylagus,ochotensis,Teleostei,3.045,5.62,Broad group,Teleostei,2.575,84.5648604269,2
Sinclair et al.,PLOS One,2015,Sinclair et al. | PLOS One | 2015,Belonella borealis,Mollusca,Cephalopoda,Teuthida,Cranchiidae,Belonella,borealis,Cephalopoda,3.69,4.7,Broad group,Cephalopoda,1.01,27.3712737127,1
Sinclair et al.,PLOS One,2015,Sinclair et al. | PLOS One | 2015,Benthalbella dentata,Chordata,Teleostei,Aulopiformes,Scopelarchidae,Benthalbella,dentata,Teleostei,10.6,5.62,Broad group,Teleostei,4.98,46.9811320755,1
Sinclair et al.,PLOS One,2015,Sinclair et al. | PLOS One | 2015,Berryteuthis anonychus,Mollusca,Cephalopoda,Teuthida,Gonatidae,Berryteuthis,anonychus,Cephalopoda,4.26,4.7,Broad group,Cephalopoda,0.44,10.3286384977,1
Sinclair et al.,PLOS One,2015,Sinclair et al. | PLOS One | 2015,Berryteuthis magister,Mollusca,Cephalopoda,Teuthida,Gonatidae,Berryteuthis,magister,Cephalopoda,3.75,4.7,Broad group,Cephalopoda,0.95,25.3333333333,3
Sinclair et al.,PLOS One,2015,Sinclair et al. | PLOS One | 2015,Bothrocara brunneum,Chordata,Teleostei,Perciformes,Zoarcidae,Bothrocara,brunneum,Teleostei,2.42,5.62,Broad group,Teleostei,3.2,132.2314049587,1
Sinclair et al.,PLOS One,2015,Sinclair et al. | PLOS One | 2015,Chauliodus macouni,Chordata,Teleostei,Stomiiformes,Stomiidae,Chauliodus,macouni,Teleostei,5.44,2.8,Family,Stomiidae,2.64,48.5294117647,1
Sinclair et al.,PLOS One,2015,Sinclair et al. | PLOS One | 2015,Chiroteuthis calyx,Mollusca,Cephalopoda,Teuthida,Chiroteuthidae,Chiroteuthis,calyx,Cephalopoda,3.56,4.7,Broad group,Cephalopoda,1.14,32.0224719101,1
Sinclair et al.,PLOS One,2015,Sinclair et al. | PLOS One | 2015,Diaphus theta,Chordata,Teleostei,Myctophiformes,Myctophidae,Diaphus,theta,Teleostei,12.1,7.0,Family,Myctophidae,5.1,42.1487603306,1
Sinclair et al.,PLOS One,2015,Sinclair et al. | PLOS One | 2015,Eogonatus tinro,Mollusca,Cephalopoda,Teuthida,Gonatidae,Eogonatus,tinro,Cephalopoda,6.69,4.7,Broad group,Cephalopoda,1.99,29.7458893871,2
Sinclair et al.,PLOS One,2015,Sinclair et al. | PLOS One | 2015,Galiteuthis phyllura,Mollusca,Cephalopoda,Teuthida,Cranchiidae,Galiteuthis,phyllura,Cephalopoda,3.51,4.7,Broad group,Cephalopoda,1.19,33.9031339031,1
Sinclair et al.,PLOS One,2015,Sinclair et al. | PLOS One | 2015,Gonatopsis borealis,Mollusca,Cephalopoda,Teuthida,Gonatidae,Gonatopsis,borealis,Cephalopoda,3.81,4.7,Broad group,Cephalopoda,0.89,23.3595800525,3
Sinclair et al.,PLOS One,2015,Sinclair et al. | PLOS One | 2015,Gonatus berryi,Mollusca,Cephalopoda,Teuthida,Gonatidae,Gonatus,berryi,Cephalopoda,5.0,4.7,Broad group,Cephalopoda,0.3,6.0,1
Sinclair et al.,PLOS One,2015,Sinclair et al. | PLOS One | 2015,Lampanyctus jordani,Chordata,Teleostei,Myctophiformes,Myctophidae,Lampanyctus,jordani,Teleostei,11.6,4.1,Genus,Lampanyctus,7.5,64.6551724138,1
Sinclair et al.,PLOS One,2015,Sinclair et al. | PLOS One | 2015,Leuroglossus schmidti,Chordata,Teleostei,Osmeriformes,Bathylagidae,Leuroglossus,schmidti,Teleostei,7.84,5.62,Broad group,Teleostei,2.22,28.3163265306,1
Sinclair et al.,PLOS One,2015,Sinclair et al. | PLOS One | 2015,Lycodapus fierasfer,Chordata,Teleostei,Perciformes,Zoarcidae,Lycodapus,fierasfer,Teleostei,4.58,5.62,Broad group,Teleostei,1.04,22.7074235808,1
Sinclair et al.,PLOS One,2015,Sinclair et al. | PLOS One | 2015,Macropinna microstoma,Chordata,Teleostei,Osmeriformes,Opisthoproctidae,Macropinna,microstoma,Teleostei,4.18,5.62,Broad group,Teleostei,1.44,34.4497607656,1
Sinclair et al.,PLOS One,2015,Sinclair et al. | PLOS One | 2015,Melamphaes lugubris,Chordata,Teleostei,Stephanoberyciformes,Melamphaidae,Melamphaes,lugubris,Teleostei,15.3,5.62,Broad group,Teleostei,9.68,63.2679738562,1
Sinclair et al.,PLOS One,2015,Sinclair et al. | PLOS One | 2015,Nannobrachium regale,Chordata,Teleostei,Myctophiformes,Myctophidae,Nannobrachium,regale,Teleostei,7.6,7.0,Family,Myctophidae,0.6,7.8947368421,1
Sinclair et al.,PLOS One,2015,Sinclair et al. | PLOS One | 2015,Nansenia candida,Chordata,Teleostei,Osmeriformes,Microstomatidae,Nansenia,candida,Teleostei,10.4,5.62,Broad group,Teleostei,4.78,45.9615384615,1
Sinclair et al.,PLOS One,2015,Sinclair et al. | PLOS One | 2015,Oneirodes thompsoni,Chordata,Teleostei,Lophiiformes,Oneirodidae,Oneirodes,thompsoni,Teleostei,3.16,5.62,Broad group,Teleostei,2.46,77.8481012658,1
Sinclair et al.,PLOS One,2015,Sinclair et al. | PLOS One | 2015,Poromitra crassiceps,Chordata,Teleostei,Stephanoberyciformes,Melamphaidae,Poromitra,crassiceps,Teleostei,8.86,5.62,Broad group,Teleostei,3.24,36.5688487585,1
Sinclair et al.,PLOS One,2015,Sinclair et al. | PLOS One | 2015,Protomyctophum thompsoni,Chordata,Teleostei,Myctophiformes,Myctophidae,Protomyctophum,thompsoni,Teleostei,5.95,7.0,Family,Myctophidae,1.05,17.6470588235,1
Sinclair et al.,PLOS One,2015,Sinclair et al. | PLOS One | 2015,Scopelosaurus harryi,Chordata,Teleostei,Aulopiformes,Notosudidae,Scopelosaurus,harryi,Teleostei,5.65,5.62,Broad group,Teleostei,0.03,0.5309734513,1
Sinclair et al.,PLOS One,2015,Sinclair et al. | PLOS One | 2015,Sigmops gracilis,Chordata,Teleostei,Stomiiformes,Gonostomatidae,Sigmops,gracilis,Teleostei,9.83,5.62,Broad group,Teleostei,4.21,42.8280773143,1
Sinclair et al.,PLOS One,2015,Sinclair et al. | PLOS One | 2015,Stenobrachius leucopsarus,Chordata,Teleostei,Myctophiformes,Myctophidae,Stenobrachius,leucopsarus,Teleostei,9.285,7.0,Family,Myctophidae,2.285,24.6095853527,2
Sinclair et al.,PLOS One,2015,Sinclair et al. | PLOS One | 2015,Stenobrachius nannochir,Chordata,Teleostei,Myctophiformes,Myctophidae,Stenobrachius,nannochir,Teleostei,9.36,7.0,Family,Myctophidae,2.36,25.2136752137,1
Sinclair et al.,PLOS One,2015,Sinclair et al. | PLOS One | 2015,Tactostoma macropus,Chordata,Teleostei,Stomiiformes,Stomiidae,Tactostoma,macropus,Teleostei,6.53,2.8,Family,Stomiidae,3.73,57.1209800919,1
Spear,Journal of Animal Ecology,1993,Spear | Journal of Animal Ecology | 1993,Chilara taylori,Chordata,Teleostei,Ophidiiformes,Ophidiidae,Chilara,taylori,Teleostei,3.39,5.62,Broad group,Teleostei,2.23,65.7817109145,1
Spear,Journal of Animal Ecology,1993,Spear | Journal of Animal Ecology | 1993,Citharichthys sordidus,Chordata,Teleostei,Pleuronectiformes,Paralichthyidae,Citharichthys,sordidus,Teleostei,3.47,5.62,Broad group,Teleostei,2.15,61.9596541787,1
Spear,Journal of Animal Ecology,1993,Spear | Journal of Animal Ecology | 1993,Loligo opalescens,Mollusca,Cephalopoda,Teuthida,Loliginidae,Loligo,opalescens,Cephalopoda,4.14,4.7,Genus,Loligo,0.56,13.5265700483,1
Spear,Journal of Animal Ecology,1993,Spear | Journal of Animal Ecology | 1993,Porichthys notatus,Chordata,Teleostei,Batrachoidiformes,Batrachoididae,Porichthys,notatus,Teleostei,5.23,5.62,Broad group,Teleostei,0.39,7.4569789675,1
Spear,Journal of Animal Ecology,1993,Spear | Journal of Animal Ecology | 1993,Sebastes jordani,Chordata,Teleostei,Scorpaeniformes,Scorpaenidae,Sebastes,jordani,Teleostei,4.85,5.1,Family,Scorpaenidae,0.25,5.1546391753,1
Spear,Journal of Animal Ecology,1993,Spear | Journal of Animal Ecology | 1993,Spirinchus starksi,Chordata,Teleostei,Osmeriformes,Osmeridae,Spirinchus,starksi,Teleostei,4.33,9.04,Family,Osmeridae,4.71,108.7759815242,1
Steimle and Terranova,Journal of Northwest Atlantic Fishery Science,1985,Steimle and Terranova | Journal of Northwest Atlantic Fishery Science | 1985,Aglaophamus igalis,Annelida,Polychaeta,Phyllodocida,Nephtyidae,Aglaophamus,igalis,Annelida,3.8,1.06,Genus,Aglaophamus,2.74,72.1052631579,1
Steimle and Terranova,Journal of Northwest Atlantic Fishery Science,1985,Steimle and Terranova | Journal of Northwest Atlantic Fishery Science | 1985,Alosa aestivalis,Chordata,Teleostei,Clupeiformes,Clupeidae,Alosa,aestivalis,Teleostei,7.7,6.99,Genus,Alosa,0.71,9.2207792208,1
Steimle and Terranova,Journal of Northwest Atlantic Fishery Science,1985,Steimle and Terranova | Journal of Northwest Atlantic Fishery Science | 1985,Alosa mediocris,Chordata,Teleostei,Clupeiformes,Clupeidae,Alosa,mediocris,Teleostei,5.5,6.99,Genus,Alosa,1.49,27.0909090909,1
Steimle and Terranova,Journal of Northwest Atlantic Fishery Science,1985,Steimle and Terranova | Journal of Northwest Atlantic Fishery Science | 1985,Alosa sapidissima,Chordata,Teleostei,Clupeiformes,Clupeidae,Alosa,sapidissima,Teleostei,4.9,6.99,Genus,Alosa,2.09,42.6530612245,1
Steimle and Terranova,Journal of Northwest Atlantic Fishery Science,1985,Steimle and Terranova | Journal of Northwest Atlantic Fishery Science | 1985,Ammodytes americanus,Chordata,Teleostei,Perciformes,Ammodytidae,Ammodytes,americanus,Teleostei,6.8,5.8,Genus,Ammodytes,1.0,14.7058823529,1
Steimle and Terranova,Journal of Northwest Atlantic Fishery Science,1985,Steimle and Terranova | Journal of Northwest Atlantic Fishery Science | 1985,Ampelisca agassizi,Arthropoda,Malacostraca,Amphipoda,Ampeliscidae,Ampelisca,agassizi,Crustacea,8.8,3.9,Broad group,Crustacea,4.9,55.6818181818,1
Steimle and Terranova,Journal of Northwest Atlantic Fishery Science,1985,Steimle and Terranova | Journal of Northwest Atlantic Fishery Science | 1985,Anchoa hepsetus,Chordata,Teleostei,Clupeiformes,Engraulidae,Anchoa,hepsetus,Teleostei,5.8,5.2,Family,Engraulidae,0.6,10.3448275862,1
Steimle and Terranova,Journal of Northwest Atlantic Fishery Science,1985,Steimle and Terranova | Journal of Northwest Atlantic Fishery Science | 1985,Anchoa mitchilli,Chordata,Teleostei,Clupeiformes,Engraulidae,Anchoa,mitchilli,Teleostei,5.9,5.2,Family,Engraulidae,0.7,11.8644067797,1
Steimle and Terranova,Journal of Northwest Atlantic Fishery Science,1985,Steimle and Terranova | Journal of Northwest Atlantic Fishery Science | 1985,Aplidium pellucidum,Chordata,Ascidiacea,Enterogona,Polyclinidae,Aplidium,pellucidum,Other invertebrates,1.4,3.0,Broad group,Other invertebrates,1.6,114.2857142857,1
Steimle and Terranova,Journal of Northwest Atlantic Fishery Science,1985,Steimle and Terranova | Journal of Northwest Atlantic Fishery Science | 1985,Arbacia punctulata,Echinodermata,Echinoidea,Arbacioida,Arbaciidae,Arbacia,punctulata,Other invertebrates,0.6,3.0,Broad group,Other invertebrates,2.4,400.0,1
Steimle and Terranova,Journal of Northwest Atlantic Fishery Science,1985,Steimle and Terranova | Journal of Northwest Atlantic Fishery Science | 1985,Arctica islandica,Mollusca,Bivalvia,Venerida,Arcticidae,Arctica,islandica,Mollusca (non-cephalopods),1.6,2.14,Broad group,Mollusca (non-cephalopods),0.54,33.75,1
Steimle and Terranova,Journal of Northwest Atlantic Fishery Science,1985,Steimle and Terranova | Journal of Northwest Atlantic Fishery Science | 1985,Astarte undata,Mollusca,Bivalvia,Carditida,Astartidae,Astarte,undata,Mollusca (non-cephalopods),6.2,2.14,Broad group,Mollusca (non-cephalopods),4.06,65.4838709677,1
Steimle and Terranova,Journal of Northwest Atlantic Fishery Science,1985,Steimle and Terranova | Journal of Northwest Atlantic Fishery Science | 1985,Asterias forbesi,Echinodermata,Asteroidea,Forcipulatida,Asteriidae,Asterias,forbesi,Other invertebrates,2.2,3.0,Broad group,Other invertebrates,0.8,36.3636363636,1
Steimle and Terranova,Journal of Northwest Atlantic Fishery Science,1985,Steimle and Terranova | Journal of Northwest Atlantic Fishery Science | 1985,Boltenia ovifera,Chordata,Ascidiacea,Pleurogona,Pyuridae,Boltenia,ovifera,Other invertebrates,3.2,3.0,Broad group,Other invertebrates,0.2,6.25,1
Steimle and Terranova,Journal of Northwest Atlantic Fishery Science,1985,Steimle and Terranova | Journal of Northwest Atlantic Fishery Science | 1985,Brevoortia tyrannus,Chordata,Teleostei,Clupeiformes,Clupeidae,Brevoortia,tyrannus,Teleostei,7.5,6.99,Family,Clupeidae,0.51,6.8,1
Steimle and Terranova,Journal of Northwest Atlantic Fishery Science,1985,Steimle and Terranova | Journal of Northwest Atlantic Fishery Science | 1985,Buccinum undatum,Mollusca,Gastropoda,Neogastropoda,Buccinidae,Buccinum,undatum,Mollusca (non-cephalopods),7.7,2.14,Broad group,Mollusca (non-cephalopods),5.56,72.2077922078,1
Steimle and Terranova,Journal of Northwest Atlantic Fishery Science,1985,Steimle and Terranova | Journal of Northwest Atlantic Fishery Science | 1985,Bugula flabellata,Bryozoa,Gymnolaemata,Cheilostomatida,Bugulidae,Bugula,flabellata,Other invertebrates,2.3,3.0,Broad group,Other invertebrates,0.7,30.4347826087,1
Steimle and Terranova,Journal of Northwest Atlantic Fishery Science,1985,Steimle and Terranova | Journal of Northwest Atlantic Fishery Science | 1985,Busycon carica,Mollusca,Gastropoda,Neogastropoda,Melongenidae,Busycon,carica,Mollusca (non-cephalopods),4.9,2.14,Broad group,Mollusca (non-cephalopods),2.76,56.3265306122,1
Steimle and Terranova,Journal of Northwest Atlantic Fishery Science,1985,Steimle and Terranova | Journal of Northwest Atlantic Fishery Science | 1985,Busycotypus canaliculatus,Mollusca,Gastropoda,Neogastropoda,Melongenidae,Busycotypus,canaliculatus,Mollusca (non-cephalopods),5.4,2.14,Broad group,Mollusca (non-cephalopods),3.26,60.3703703704,1
Steimle and Terranova,Journal of Northwest Atlantic Fishery Science,1985,Steimle and Terranova | Journal of Northwest Atlantic Fishery Science | 1985,Cancer irroratus,Arthropoda,Malacostraca,Decapoda,Cancridae,Cancer,irroratus,Crustacea,3.7,3.9,Broad group,Crustacea,0.2,5.4054054054,1
Steimle and Terranova,Journal of Northwest Atlantic Fishery Science,1985,Steimle and Terranova | Journal of Northwest Atlantic Fishery Science | 1985,Caranx crysos,Chordata,Teleostei,Perciformes,Carangidae,Caranx,crysos,Teleostei,5.7,5.89,Family,Carangidae,0.19,3.3333333333,1
Steimle and Terranova,Journal of Northwest Atlantic Fishery Science,1985,Steimle and Terranova | Journal of Northwest Atlantic Fishery Science | 1985,Caudina arenata,Echinodermata,Holothuroidea,Molpadida,Caudinidae,Caudina,arenata,Other invertebrates,8.6,3.0,Broad group,Other invertebrates,5.6,65.1162790698,1
Steimle and Terranova,Journal of Northwest Atlantic Fishery Science,1985,Steimle and Terranova | Journal of Northwest Atlantic Fishery Science | 1985,Ceriantheopsis americana,Cnidaria,Anthozoa,Ceriantharia,Cerianthidae,Ceriantheopsis,americana,Cnidaria,4.7,0.7,Broad group,Cnidaria,4.0,85.1063829787,1
Steimle and Terranova,Journal of Northwest Atlantic Fishery Science,1985,Steimle and Terranova | Journal of Northwest Atlantic Fishery Science | 1985,Chlamys islandica,Mollusca,Bivalvia,Pectinida,Pectinidae,Chlamys,islandica,Mollusca (non-cephalopods),5.3,2.14,Broad group,Mollusca (non-cephalopods),3.16,59.6226415094,1
Steimle and Terranova,Journal of Northwest Atlantic Fishery Science,1985,Steimle and Terranova | Journal of Northwest Atlantic Fishery Science | 1985,Chloroscombrus chrysurus,Chordata,Teleostei,Perciformes,Carangidae,Chloroscombrus,chrysurus,Teleostei,8.8,5.89,Family,Carangidae,2.91,33.0681818182,1
Steimle and Terranova,Journal of Northwest Atlantic Fishery Science,1985,Steimle and Terranova | Journal of Northwest Atlantic Fishery Science | 1985,Chone infundibuliformis,Annelida,Polychaeta,Sabellida,Sabellidae,Chone,infundibuliformis,Annelida,3.8,1.28,Broad group,Annelida,2.52,66.3157894737,1
Steimle and Terranova,Journal of Northwest Atlantic Fishery Science,1985,Steimle and Terranova | Journal of Northwest Atlantic Fishery Science | 1985,Citharichthys arctifrons,Chordata,Teleostei,Pleuronectiformes,Paralichthyidae,Citharichthys,arctifrons,Teleostei,4.3,5.62,Broad group,Teleostei,1.32,30.6976744186,1
Steimle and Terranova,Journal of Northwest Atlantic Fishery Science,1985,Steimle and Terranova | Journal of Northwest Atlantic Fishery Science | 1985,Colus pygmaeus,Mollusca,Gastropoda,Neogastropoda,Buccinidae,Colus,pygmaeus,Mollusca (non-cephalopods),0.9,2.14,Broad group,Mollusca (non-cephalopods),1.24,137.7777777778,1
Steimle and Terranova,Journal of Northwest Atlantic Fishery Science,1985,Steimle and Terranova | Journal of Northwest Atlantic Fishery Science | 1985,Colus stimpsoni,Mollusca,Gastropoda,Neogastropoda,Buccinidae,Colus,stimpsoni,Mollusca (non-cephalopods),5.2,2.14,Broad group,Mollusca (non-cephalopods),3.06,58.8461538462,1
Steimle and Terranova,Journal of Northwest Atlantic Fishery Science,1985,Steimle and Terranova | Journal of Northwest Atlantic Fishery Science | 1985,Conger oceanicus,Chordata,Teleostei,Anguilliformes,Congridae,Conger,oceanicus,Teleostei,9.8,5.62,Broad group,Teleostei,4.18,42.6530612245,1
Steimle and Terranova,Journal of Northwest Atlantic Fishery Science,1985,Steimle and Terranova | Journal of Northwest Atlantic Fishery Science | 1985,Crangon septemspinosa,Arthropoda,Malacostraca,Decapoda,Crangonidae,Crangon,septemspinosa,Crustacea,3.7,3.9,Broad group,Crustacea,0.2,5.4054054054,1
Steimle and Terranova,Journal of Northwest Atlantic Fishery Science,1985,Steimle and Terranova | Journal of Northwest Atlantic Fishery Science | 1985,Ctenodiscus crispatus,Echinodermata,Asteroidea,Paxillosida,Ctenodiscidae,Ctenodiscus,crispatus,Other invertebrates,2.8,3.0,Broad group,Other invertebrates,0.2,7.1428571429,1
Steimle and Terranova,Journal of Northwest Atlantic Fishery Science,1985,Steimle and Terranova | Journal of Northwest Atlantic Fishery Science | 1985,Cucumaria frondosa,Echinodermata,Holothuroidea,Dendrochirotida,Cucumariidae,Cucumaria,frondosa,Other invertebrates,3.4,3.0,Broad group,Other invertebrates,0.4,11.7647058824,1
Steimle and Terranova,Journal of Northwest Atlantic Fishery Science,1985,Steimle and Terranova | Journal of Northwest Atlantic Fishery Science | 1985,Cyanea capillata,Cnidaria,Scyphozoa,Semaeostomeae,Cyaneidae,Cyanea,capillata,Cnidaria,0.1,0.7,Broad group,Cnidaria,0.6,600.0,1
Steimle and Terranova,Journal of Northwest Atlantic Fishery Science,1985,Steimle and Terranova | Journal of Northwest Atlantic Fishery Science | 1985,Cyclocardia borealis,Mollusca,Bivalvia,Carditida,Carditidae,Cyclocardia,borealis,Mollusca (non-cephalopods),1.3,2.14,Broad group,Mollusca (non-cephalopods),0.84,64.6153846154,1
Steimle and Terranova,Journal of Northwest Atlantic Fishery Science,1985,Steimle and Terranova | Journal of Northwest Atlantic Fishery Science | 1985,Cynoscion regalis,Chordata,Teleostei,Perciformes,Sciaenidae,Cynoscion,regalis,Teleostei,4.8,5.56,Family,Sciaenidae,0.76,15.8333333333,1
Steimle and Terranova,Journal of Northwest Atlantic Fishery Science,1985,Steimle and Terranova | Journal of Northwest Atlantic Fishery Science | 1985,Decapterus punctatus,Chordata,Teleostei,Perciformes,Carangidae,Decapterus,punctatus,Teleostei,6.0,5.89,Family,Carangidae,0.11,1.8333333333,1
Steimle and Terranova,Journal of Northwest Atlantic Fishery Science,1985,Steimle and Terranova | Journal of Northwest Atlantic Fishery Science | 1985,Dichelopandalus leptocerus,Arthropoda,Malacostraca,Decapoda,Pandalidae,Dichelopandalus,leptocerus,Crustacea,5.5,3.9,Broad group,Crustacea,1.6,29.0909090909,1
Steimle and Terranova,Journal of Northwest Atlantic Fishery Science,1985,Steimle and Terranova | Journal of Northwest Atlantic Fishery Science | 1985,Echinarachnius parma,Echinodermata,Echinoidea,Clypeasteroida,Echinarachniidae,Echinarachnius,parma,Other invertebrates,2.0,3.0,Broad group,Other invertebrates,1.0,50.0,1
Steimle and Terranova,Journal of Northwest Atlantic Fishery Science,1985,Steimle and Terranova | Journal of Northwest Atlantic Fishery Science | 1985,Enchelyopus cimbrius,Chordata,Teleostei,Gadiformes,Gadidae,Enchelyopus,cimbrius,Teleostei,3.6,4.7,Family,Gadidae,1.1,30.5555555556,1
Steimle and Terranova,Journal of Northwest Atlantic Fishery Science,1985,Steimle and Terranova | Journal of Northwest Atlantic Fishery Science | 1985,Ensis directus,Mollusca,Bivalvia,Solenida,Pharidae,Ensis,directus,Mollusca (non-cephalopods),2.9,2.14,Broad group,Mollusca (non-cephalopods),0.76,26.2068965517,1
Steimle and Terranova,Journal of Northwest Atlantic Fishery Science,1985,Steimle and Terranova | Journal of Northwest Atlantic Fishery Science | 1985,Etrumeus teres,Chordata,Teleostei,Clupeiformes,Clupeidae,Etrumeus,teres,Teleostei,5.5,6.99,Family,Clupeidae,1.49,27.0909090909,1
Steimle and Terranova,Journal of Northwest Atlantic Fishery Science,1985,Steimle and Terranova | Journal of Northwest Atlantic Fishery Science | 1985,Euspira heros,Mollusca,Gastropoda,Littorinida,Naticidae,Euspira,heros,Mollusca (non-cephalopods),5.9,2.14,Broad group,Mollusca (non-cephalopods),3.76,63.7288135593,1
Steimle and Terranova,Journal of Northwest Atlantic Fishery Science,1985,Steimle and Terranova | Journal of Northwest Atlantic Fishery Science | 1985,Gadus morhua,Chordata,Teleostei,Gadiformes,Gadidae,Gadus,morhua,Teleostei,4.2,4.7,Family,Gadidae,0.5,11.9047619048,1
Steimle and Terranova,Journal of Northwest Atlantic Fishery Science,1985,Steimle and Terranova | Journal of Northwest Atlantic Fishery Science | 1985,Gammarus annulatus,Arthropoda,Malacostraca,Amphipoda,Gammaridae,Gammarus,annulatus,Crustacea,1.7,3.9,Broad group,Crustacea,2.2,129.4117647059,1
Steimle and Terranova,Journal of Northwest Atlantic Fishery Science,1985,Steimle and Terranova | Journal of Northwest Atlantic Fishery Science | 1985,Glycera americana,Annelida,Polychaeta,Phyllodocida,Glyceridae,Glycera,americana,Annelida,4.0,1.28,Broad group,Annelida,2.72,68.0,1
Steimle and Terranova,Journal of Northwest Atlantic Fishery Science,1985,Steimle and Terranova | Journal of Northwest Atlantic Fishery Science | 1985,Hemitripterus americanus,Chordata,Teleostei,Scorpaeniformes,Hemitripteridae,Hemitripterus,americanus,Teleostei,2.5,5.62,Broad group,Teleostei,3.12,124.8,1
Steimle and Terranova,Journal of Northwest Atlantic Fishery Science,1985,Steimle and Terranova | Journal of Northwest Atlantic Fishery Science | 1985,Hippoglossoides platessoides,Chordata,Teleostei,Pleuronectiformes,Pleuronectidae,Hippoglossoides,platessoides,Teleostei,4.1,5.6,Family,Pleuronectidae,1.5,36.5853658537,1
Steimle and Terranova,Journal of Northwest Atlantic Fishery Science,1985,Steimle and Terranova | Journal of Northwest Atlantic Fishery Science | 1985,Homarus americanus,Arthropoda,Malacostraca,Decapoda,Nephropidae,Homarus,americanus,Crustacea,4.8,3.9,Broad group,Crustacea,0.9,18.75,1
Steimle and Terranova,Journal of Northwest Atlantic Fishery Science,1985,Steimle and Terranova | Journal of Northwest Atlantic Fishery Science | 1985,Hyas araneus,Arthropoda,Malacostraca,Decapoda,Oregoniidae,Hyas,araneus,Crustacea,2.8,3.9,Broad group,Crustacea,1.1,39.2857142857,1
Steimle and Terranova,Journal of Northwest Atlantic Fishery Science,1985,Steimle and Terranova | Journal of Northwest Atlantic Fishery Science | 1985,Hyperia galba,Arthropoda,Malacostraca,Amphipoda,Hyperiidae,Hyperia,galba,Crustacea,3.6,3.9,Broad group,Crustacea,0.3,8.3333333333,1
Steimle and Terranova,Journal of Northwest Atlantic Fishery Science,1985,Steimle and Terranova | Journal of Northwest Atlantic Fishery Science | 1985,Leiostomus xanthurus,Chordata,Teleostei,Perciformes,Sciaenidae,Leiostomus,xanthurus,Teleostei,7.0,5.56,Family,Sciaenidae,1.44,20.5714285714,1
Steimle and Terranova,Journal of Northwest Atlantic Fishery Science,1985,Steimle and Terranova | Journal of Northwest Atlantic Fishery Science | 1985,Leptasterias tenera,Echinodermata,Asteroidea,Forcipulatida,Asteriidae,Leptasterias,tenera,Other invertebrates,3.1,3.0,Broad group,Other invertebrates,0.1,3.2258064516,1
Steimle and Terranova,Journal of Northwest Atlantic Fishery Science,1985,Steimle and Terranova | Journal of Northwest Atlantic Fishery Science | 1985,Leptocheirus pinguis,Arthropoda,Malacostraca,Amphipoda,Aoridae,Leptocheirus,pinguis,Crustacea,2.0,3.9,Broad group,Crustacea,1.9,95.0,1
Steimle and Terranova,Journal of Northwest Atlantic Fishery Science,1985,Steimle and Terranova | Journal of Northwest Atlantic Fishery Science | 1985,Leucoraja erinacea,Chordata,Chondrichthyes,Rajiformes,Rajidae,Leucoraja,erinacea,Chondrichthyes,3.2,5.7,Genus,Leucoraja,2.5,78.125,1
Steimle and Terranova,Journal of Northwest Atlantic Fishery Science,1985,Steimle and Terranova | Journal of Northwest Atlantic Fishery Science | 1985,Libinia emarginata,Arthropoda,Malacostraca,Decapoda,Pisidae,Libinia,emarginata,Crustacea,5.4,3.9,Broad group,Crustacea,1.5,27.7777777778,1
Steimle and Terranova,Journal of Northwest Atlantic Fishery Science,1985,Steimle and Terranova | Journal of Northwest Atlantic Fishery Science | 1985,Limanda ferruginea,Chordata,Teleostei,Pleuronectiformes,Pleuronectidae,Limanda,ferruginea,Teleostei,4.4,5.6,Family,Pleuronectidae,1.2,27.2727272727,1
Steimle and Terranova,Journal of Northwest Atlantic Fishery Science,1985,Steimle and Terranova | Journal of Northwest Atlantic Fishery Science | 1985,Liopsetta putnami,Chordata,Teleostei,Pleuronectiformes,Pleuronectidae,Liopsetta,putnami,Teleostei,3.8,5.6,Family,Pleuronectidae,1.8,47.3684210526,1
Steimle and Terranova,Journal of Northwest Atlantic Fishery Science,1985,Steimle and Terranova | Journal of Northwest Atlantic Fishery Science | 1985,Loligo pealeii,Mollusca,Cephalopoda,Teuthida,Loliginidae,Loligo,pealeii,Cephalopoda,5.6,4.7,Genus,Loligo,0.9,16.0714285714,1
Steimle and Terranova,Journal of Northwest Atlantic Fishery Science,1985,Steimle and Terranova | Journal of Northwest Atlantic Fishery Science | 1985,Lolliguncula brevis,Mollusca,Cephalopoda,Teuthida,Loliginidae,Lolliguncula,brevis,Cephalopoda,3.8,4.8,Family,Loliginidae,1.0,26.3157894737,1
Steimle and Terranova,Journal of Northwest Atlantic Fishery Science,1985,Steimle and Terranova | Journal of Northwest Atlantic Fishery Science | 1985,Lophius americanus,Chordata,Teleostei,Lophiiformes,Lophiidae,Lophius,americanus,Teleostei,1.7,5.62,Broad group,Teleostei,3.92,230.5882352941,1
Steimle and Terranova,Journal of Northwest Atlantic Fishery Science,1985,Steimle and Terranova | Journal of Northwest Atlantic Fishery Science | 1985,Lumbrineris fragilis,Annelida,Polychaeta,Eunicida,Lumbrineridae,Lumbrineris,fragilis,Annelida,4.7,1.28,Broad group,Annelida,3.42,72.7659574468,1
Steimle and Terranova,Journal of Northwest Atlantic Fishery Science,1985,Steimle and Terranova | Journal of Northwest Atlantic Fishery Science | 1985,Lumpenus maculatus,Chordata,Teleostei,Perciformes,Stichaeidae,Lumpenus,maculatus,Teleostei,5.6,5.4,Family,Stichaeidae,0.2,3.5714285714,1
Steimle and Terranova,Journal of Northwest Atlantic Fishery Science,1985,Steimle and Terranova | Journal of Northwest Atlantic Fishery Science | 1985,Melanogrammus aeglefinus,Chordata,Teleostei,Gadiformes,Gadidae,Melanogrammus,aeglefinus,Teleostei,4.5,4.7,Family,Gadidae,0.2,4.4444444444,1
Steimle and Terranova,Journal of Northwest Atlantic Fishery Science,1985,Steimle and Terranova | Journal of Northwest Atlantic Fishery Science | 1985,Menidia menidia,Chordata,Teleostei,Atheriniformes,Atherinopsidae,Menidia,menidia,Teleostei,7.3,5.62,Broad group,Teleostei,1.68,23.0136986301,1
Steimle and Terranova,Journal of Northwest Atlantic Fishery Science,1985,Steimle and Terranova | Journal of Northwest Atlantic Fishery Science | 1985,Metridium senile,Cnidaria,Anthozoa,Actiniaria,Metridiidae,Metridium,senile,Cnidaria,2.9,0.7,Broad group,Cnidaria,2.2,75.8620689655,1
Steimle and Terranova,Journal of Northwest Atlantic Fishery Science,1985,Steimle and Terranova | Journal of Northwest Atlantic Fishery Science | 1985,Modiolus modiolus,Mollusca,Bivalvia,Mytilida,Mytilidae,Modiolus,modiolus,Mollusca (non-cephalopods),4.3,2.14,Broad group,Mollusca (non-cephalopods),2.16,50.2325581395,1
Steimle and Terranova,Journal of Northwest Atlantic Fishery Science,1985,Steimle and Terranova | Journal of Northwest Atlantic Fishery Science | 1985,Moira atropos,Echinodermata,Echinoidea,Spatangoida,Schizasteridae,Moira,atropos,Other invertebrates,0.7,3.0,Broad group,Other invertebrates,2.3,328.5714285714,1
Steimle and Terranova,Journal of Northwest Atlantic Fishery Science,1985,Steimle and Terranova | Journal of Northwest Atlantic Fishery Science | 1985,Myoxocephalus octodecemspinosus,Chordata,Teleostei,Scorpaeniformes,Cottidae,Myoxocephalus,octodecemspinosus,Teleostei,5.4,4.35,Family,Cottidae,1.05,19.4444444444,1
Steimle and Terranova,Journal of Northwest Atlantic Fishery Science,1985,Steimle and Terranova | Journal of Northwest Atlantic Fishery Science | 1985,Nephtys incisa,Annelida,Polychaeta,Phyllodocida,Nephtyidae,Nephtys,incisa,Annelida,4.4,1.06,Family,Nephtyidae,3.34,75.9090909091,1
Steimle and Terranova,Journal of Northwest Atlantic Fishery Science,1985,Steimle and Terranova | Journal of Northwest Atlantic Fishery Science | 1985,Nucula proxima,Mollusca,Bivalvia,Nuculida,Nuculidae,Nucula,proxima,Mollusca (non-cephalopods),2.75,2.14,Broad group,Mollusca (non-cephalopods),0.61,22.1818181818,2
Steimle and Terranova,Journal of Northwest Atlantic Fishery Science,1985,Steimle and Terranova | Journal of Northwest Atlantic Fishery Science | 1985,Ophelia denticulata,Annelida,Polychaeta,,Opheliidae,Ophelia,denticulata,Annelida,4.9,1.28,Broad group,Annelida,3.62,73.8775510204,1
Steimle and Terranova,Journal of Northwest Atlantic Fishery Science,1985,Steimle and Terranova | Journal of Northwest Atlantic Fishery Science | 1985,Ophichthus cruentifer,Chordata,Teleostei,Anguilliformes,Ophichthidae,Ophichthus,cruentifer,Teleostei,5.8,5.62,Broad group,Teleostei,0.18,3.1034482759,1
Steimle and Terranova,Journal of Northwest Atlantic Fishery Science,1985,Steimle and Terranova | Journal of Northwest Atlantic Fishery Science | 1985,Ophioderma brevispinum,Echinodermata,Ophiuroidea,Ophiurida,Ophiodermatidae,Ophioderma,brevispinum,Other invertebrates,2.1,3.0,Broad group,Other invertebrates,0.9,42.8571428571,1
Steimle and Terranova,Journal of Northwest Atlantic Fishery Science,1985,Steimle and Terranova | Journal of Northwest Atlantic Fishery Science | 1985,Ophioglycera gigantea,Annelida,Polychaeta,Phyllodocida,Goniadidae,Ophioglycera,gigantea,Annelida,3.3,1.28,Broad group,Annelida,2.02,61.2121212121,1
Steimle and Terranova,Journal of Northwest Atlantic Fishery Science,1985,Steimle and Terranova | Journal of Northwest Atlantic Fishery Science | 1985,Ophiopholis aculeata,Echinodermata,Ophiuroidea,Ophiurida,Ophiactidae,Ophiopholis,aculeata,Other invertebrates,1.8,3.0,Broad group,Other invertebrates,1.2,66.6666666667,1
Steimle and Terranova,Journal of Northwest Atlantic Fishery Science,1985,Steimle and Terranova | Journal of Northwest Atlantic Fishery Science | 1985,Opisthonema oglinum,Chordata,Teleostei,Clupeiformes,Clupeidae,Opisthonema,oglinum,Teleostei,6.4,6.99,Family,Clupeidae,0.59,9.21875,1
Steimle and Terranova,Journal of Northwest Atlantic Fishery Science,1985,Steimle and Terranova | Journal of Northwest Atlantic Fishery Science | 1985,Pagurus acadianus,Arthropoda,Malacostraca,Decapoda,Paguridae,Pagurus,acadianus,Crustacea,6.9,3.9,Broad group,Crustacea,3.0,43.4782608696,1
Steimle and Terranova,Journal of Northwest Atlantic Fishery Science,1985,Steimle and Terranova | Journal of Northwest Atlantic Fishery Science | 1985,Pagurus bernhardus,Arthropoda,Malacostraca,Decapoda,Paguridae,Pagurus,bernhardus,Crustacea,6.0,3.9,Broad group,Crustacea,2.1,35.0,1
Steimle and Terranova,Journal of Northwest Atlantic Fishery Science,1985,Steimle and Terranova | Journal of Northwest Atlantic Fishery Science | 1985,Pagurus pollicaris,Arthropoda,Malacostraca,Decapoda,Paguridae,Pagurus,pollicaris,Crustacea,6.6,3.9,Broad group,Crustacea,2.7,40.9090909091,1
Steimle and Terranova,Journal of Northwest Atlantic Fishery Science,1985,Steimle and Terranova | Journal of Northwest Atlantic Fishery Science | 1985,Palaemonetes vulgaris,Arthropoda,Malacostraca,Decapoda,Palaemonidae,Palaemon,vulgaris,Crustacea,4.6,3.4,Genus,Palaemon,1.2,26.0869565217,1
Steimle and Terranova,Journal of Northwest Atlantic Fishery Science,1985,Steimle and Terranova | Journal of Northwest Atlantic Fishery Science | 1985,Paralichthys oblongus,Chordata,Teleostei,Pleuronectiformes,Paralichthyidae,Paralichthys,oblongus,Teleostei,5.5,5.62,Broad group,Teleostei,0.12,2.1818181818,1
Steimle and Terranova,Journal of Northwest Atlantic Fishery Science,1985,Steimle and Terranova | Journal of Northwest Atlantic Fishery Science | 1985,Pelia mutica,Arthropoda,Malacostraca,Decapoda,Pisidae,Pelia,mutica,Crustacea,3.3,3.9,Broad group,Crustacea,0.6,18.1818181818,1
Steimle and Terranova,Journal of Northwest Atlantic Fishery Science,1985,Steimle and Terranova | Journal of Northwest Atlantic Fishery Science | 1985,Penaeus aztecus,Arthropoda,Malacostraca,Decapoda,Penaeidae,Penaeus,aztecus,Crustacea,8.9,3.84,Family,Penaeidae,5.06,56.8539325843,1
Steimle and Terranova,Journal of Northwest Atlantic Fishery Science,1985,Steimle and Terranova | Journal of Northwest Atlantic Fishery Science | 1985,Peprilus paru,Chordata,Teleostei,Perciformes,Stromateidae,Peprilus,paru,Teleostei,6.2,6.74,Genus,Peprilus,0.54,8.7096774194,1
Steimle and Terranova,Journal of Northwest Atlantic Fishery Science,1985,Steimle and Terranova | Journal of Northwest Atlantic Fishery Science | 1985,Periploma leanum,Mollusca,Bivalvia,Thraciida,Periplomatidae,Periploma,leanum,Mollusca (non-cephalopods),0.3,2.14,Broad group,Mollusca (non-cephalopods),1.84,613.3333333333,1
Steimle and Terranova,Journal of Northwest Atlantic Fishery Science,1985,Steimle and Terranova | Journal of Northwest Atlantic Fishery Science | 1985,Pherusa affinis,Annelida,Polychaeta,Terebellida,Flabelligeridae,Pherusa,affinis,Annelida,7.6,1.28,Broad group,Annelida,6.32,83.1578947368,1
Steimle and Terranova,Journal of Northwest Atlantic Fishery Science,1985,Steimle and Terranova | Journal of Northwest Atlantic Fishery Science | 1985,Placopecten magellanicus,Mollusca,Bivalvia,Pectinida,Pectinidae,Placopecten,magellanicus,Mollusca (non-cephalopods),3.0,2.14,Broad group,Mollusca (non-cephalopods),0.86,28.6666666667,1
Steimle and Terranova,Journal of Northwest Atlantic Fishery Science,1985,Steimle and Terranova | Journal of Northwest Atlantic Fishery Science | 1985,Pollachius virens,Chordata,Teleostei,Gadiformes,Gadidae,Pollachius,virens,Teleostei,5.0,4.2,Genus,Pollachius,0.8,16.0,1
Steimle and Terranova,Journal of Northwest Atlantic Fishery Science,1985,Steimle and Terranova | Journal of Northwest Atlantic Fishery Science | 1985,Prionotus carolinus,Chordata,Teleostei,Scorpaeniformes,Triglidae,Prionotus,carolinus,Teleostei,4.4,8.2,Family,Triglidae,3.8,86.3636363636,1
Steimle and Terranova,Journal of Northwest Atlantic Fishery Science,1985,Steimle and Terranova | Journal of Northwest Atlantic Fishery Science | 1985,Pseudopleuronectes americanus,Chordata,Teleostei,Pleuronectiformes,Pleuronectidae,Pseudopleuronectes,americanus,Teleostei,3.6,5.6,Family,Pleuronectidae,2.0,55.5555555556,1
Steimle and Terranova,Journal of Northwest Atlantic Fishery Science,1985,Steimle and Terranova | Journal of Northwest Atlantic Fishery Science | 1985,Renilla reniformis,Cnidaria,Anthozoa,Pennatulacea,Renillidae,Renilla,reniformis,Cnidaria,2.7,0.7,Broad group,Cnidaria,2.0,74.0740740741,1
Steimle and Terranova,Journal of Northwest Atlantic Fishery Science,1985,Steimle and Terranova | Journal of Northwest Atlantic Fishery Science | 1985,Sardinella aurita,Chordata,Teleostei,Clupeiformes,Clupeidae,Sardinella,aurita,Teleostei,6.0,6.99,Family,Clupeidae,0.99,16.5,1
Steimle and Terranova,Journal of Northwest Atlantic Fishery Science,1985,Steimle and Terranova | Journal of Northwest Atlantic Fishery Science | 1985,Scomber japonicus,Chordata,Teleostei,Perciformes,Scombridae,Scomber,japonicus,Teleostei,6.2,6.1225,Genus,Scomber,0.0775,1.25,1
Steimle and Terranova,Journal of Northwest Atlantic Fishery Science,1985,Steimle and Terranova | Journal of Northwest Atlantic Fishery Science | 1985,Scophthalmus aquosus,Chordata,Teleostei,Pleuronectiformes,Scophthalmidae,Scophthalmus,aquosus,Teleostei,3.1,6.1,Family,Scophthalmidae,3.0,96.7741935484,1
Steimle and Terranova,Journal of Northwest Atlantic Fishery Science,1985,Steimle and Terranova | Journal of Northwest Atlantic Fishery Science | 1985,Selar crumenopthalmus,Chordata,Teleostei,Perciformes,Carangidae,Selar,crumenopthalmus,Teleostei,4.9,5.89,Family,Carangidae,0.99,20.2040816327,1
Steimle and Terranova,Journal of Northwest Atlantic Fishery Science,1985,Steimle and Terranova | Journal of Northwest Atlantic Fishery Science | 1985,Seriola dumerili,Chordata,Teleostei,Perciformes,Carangidae,Seriola,dumerili,Teleostei,4.6,5.89,Family,Carangidae,1.29,28.0434782609,1
Steimle and Terranova,Journal of Northwest Atlantic Fishery Science,1985,Steimle and Terranova | Journal of Northwest Atlantic Fishery Science | 1985,Serranus scriba,Chordata,Teleostei,Perciformes,Serranidae,Serranus,scriba,Teleostei,4.4,5.62,Broad group,Teleostei,1.22,27.7272727273,1
Steimle and Terranova,Journal of Northwest Atlantic Fishery Science,1985,Steimle and Terranova | Journal of Northwest Atlantic Fishery Science | 1985,Sicyonia typica,Arthropoda,Malacostraca,Decapoda,Sicyoniidae,Sicyonia,typica,Crustacea,4.9,3.9,Broad group,Crustacea,1.0,20.4081632653,1
Steimle and Terranova,Journal of Northwest Atlantic Fishery Science,1985,Steimle and Terranova | Journal of Northwest Atlantic Fishery Science | 1985,Sphoeroides maculatus,Chordata,Teleostei,Tetraodontiformes,Tetraodontidae,Sphoeroides,maculatus,Teleostei,5.1,5.62,Broad group,Teleostei,0.52,10.1960784314,1
Steimle and Terranova,Journal of Northwest Atlantic Fishery Science,1985,Steimle and Terranova | Journal of Northwest Atlantic Fishery Science | 1985,Spisula solidissima,Mollusca,Bivalvia,Venerida,Mactridae,Spisula,solidissima,Mollusca (non-cephalopods),2.9,2.15,Genus,Spisula,0.75,25.8620689655,1
Steimle and Terranova,Journal of Northwest Atlantic Fishery Science,1985,Steimle and Terranova | Journal of Northwest Atlantic Fishery Science | 1985,Squalus acanthias,Chordata,Chondrichthyes,Squaliformes,Squalidae,Squalus,acanthias,Chondrichthyes,8.6,5.7,Broad group,Chondrichthyes,2.9,33.7209302326,1
Steimle and Terranova,Journal of Northwest Atlantic Fishery Science,1985,Steimle and Terranova | Journal of Northwest Atlantic Fishery Science | 1985,Squilla empusa,Arthropoda,Malacostraca,Stomatopoda,Squillidae,Squilla,empusa,Crustacea,5.8,3.9,Broad group,Crustacea,1.9,32.7586206897,1
Steimle and Terranova,Journal of Northwest Atlantic Fishery Science,1985,Steimle and Terranova | Journal of Northwest Atlantic Fishery Science | 1985,Stenotomus chrysops,Chordata,Teleostei,Perciformes,Sparidae,Stenotomus,chrysops,Teleostei,6.1,6.9,Family,Sparidae,0.8,13.1147540984,1
Steimle and Terranova,Journal of Northwest Atlantic Fishery Science,1985,Steimle and Terranova | Journal of Northwest Atlantic Fishery Science | 1985,Strongylocentrotus droebachiensis,Echinodermata,Echinoidea,Echinoida,Strongylocentrotidae,Strongylocentrotus,droebachiensis,Other invertebrates,2.0,3.0,Broad group,Other invertebrates,1.0,50.0,1
Steimle and Terranova,Journal of Northwest Atlantic Fishery Science,1985,Steimle and Terranova | Journal of Northwest Atlantic Fishery Science | 1985,Suberites ficus,Porifera,Demospongiae,Hadromerida,Suberitidae,Suberites,ficus,Other invertebrates,1.5,3.0,Broad group,Other invertebrates,1.5,100.0,1
Steimle and Terranova,Journal of Northwest Atlantic Fishery Science,1985,Steimle and Terranova | Journal of Northwest Atlantic Fishery Science | 1985,Symphurus plagiusa,Chordata,Teleostei,Pleuronectiformes,Cynoglossidae,Symphurus,plagiusa,Teleostei,6.3,5.62,Broad group,Teleostei,0.68,10.7936507937,1
Steimle and Terranova,Journal of Northwest Atlantic Fishery Science,1985,Steimle and Terranova | Journal of Northwest Atlantic Fishery Science | 1985,Synodus foetens,Chordata,Teleostei,Aulopiformes,Synodontidae,Synodus,foetens,Teleostei,4.6,5.62,Broad group,Teleostei,1.02,22.1739130435,1
Steimle and Terranova,Journal of Northwest Atlantic Fishery Science,1985,Steimle and Terranova | Journal of Northwest Atlantic Fishery Science | 1985,Tautogolabrus adspersus,Chordata,Teleostei,Perciformes,Labridae,Tautogolabrus,adspersus,Teleostei,6.6,5.4,Family,Labridae,1.2,18.1818181818,1
Steimle and Terranova,Journal of Northwest Atlantic Fishery Science,1985,Steimle and Terranova | Journal of Northwest Atlantic Fishery Science | 1985,Terebellides stroemi,Annelida,Polychaeta,Terebellida,Trichobranchidae,Terebellides,stroemi,Annelida,6.9,1.28,Broad group,Annelida,5.62,81.4492753623,1
Steimle and Terranova,Journal of Northwest Atlantic Fishery Science,1985,Steimle and Terranova | Journal of Northwest Atlantic Fishery Science | 1985,Terebratulina septentrionalis,Brachiopoda,Rhynchonellata,Terebratulida,Cancellothyrididae,Terebratulina,septentrionalis,Other invertebrates,2.5,3.0,Broad group,Other invertebrates,0.5,20.0,1
Steimle and Terranova,Journal of Northwest Atlantic Fishery Science,1985,Steimle and Terranova | Journal of Northwest Atlantic Fishery Science | 1985,Thyone scabra,Echinodermata,Holothuroidea,Dendrochirotida,Phyllophoridae,Thyone,scabra,Other invertebrates,2.3,3.0,Broad group,Other invertebrates,0.7,30.4347826087,1
Steimle and Terranova,Journal of Northwest Atlantic Fishery Science,1985,Steimle and Terranova | Journal of Northwest Atlantic Fishery Science | 1985,Triglops murrayi,Chordata,Teleostei,Scorpaeniformes,Cottidae,Triglops,murrayi,Teleostei,3.6,4.35,Family,Cottidae,0.75,20.8333333333,1
Steimle and Terranova,Journal of Northwest Atlantic Fishery Science,1985,Steimle and Terranova | Journal of Northwest Atlantic Fishery Science | 1985,Triglops nybelini,Chordata,Teleostei,Scorpaeniformes,Cottidae,Triglops,nybelini,Teleostei,5.2,4.35,Family,Cottidae,0.85,16.3461538462,1
Steimle and Terranova,Journal of Northwest Atlantic Fishery Science,1985,Steimle and Terranova | Journal of Northwest Atlantic Fishery Science | 1985,Unciola irrorata,Arthropoda,Malacostraca,Amphipoda,Aoridae,Unciola,irrorata,Crustacea,11.1,3.9,Broad group,Crustacea,7.2,64.8648648649,1
Steimle and Terranova,Journal of Northwest Atlantic Fishery Science,1985,Steimle and Terranova | Journal of Northwest Atlantic Fishery Science | 1985,Urophycis chuss,Chordata,Teleostei,Gadiformes,Gadidae,Urophycis,chuss,Teleostei,3.8,4.7,Family,Gadidae,0.9,23.6842105263,1
Steimle and Terranova,Journal of Northwest Atlantic Fishery Science,1985,Steimle and Terranova | Journal of Northwest Atlantic Fishery Science | 1985,Urophycis regia,Chordata,Teleostei,Gadiformes,Gadidae,Urophycis,regia,Teleostei,4.7,4.7,Family,Gadidae,0.0,0.0,1
Steimle and Terranova,Journal of Northwest Atlantic Fishery Science,1985,Steimle and Terranova | Journal of Northwest Atlantic Fishery Science | 1985,Urophycis tenuis,Chordata,Teleostei,Gadiformes,Gadidae,Urophycis,tenuis,Teleostei,6.3,4.7,Family,Gadidae,1.6,25.3968253968,1
Steimle and Terranova,Journal of Northwest Atlantic Fishery Science,1985,Steimle and Terranova | Journal of Northwest Atlantic Fishery Science | 1985,Zoarces americanus,Chordata,Teleostei,Perciformes,Zoarcidae,Zoarces,americanus,Teleostei,4.7,5.62,Broad group,Teleostei,0.92,19.5744680851,1
Steimle and Terranova,Deep-Sea Research,1988,Steimle and Terranova | Deep-Sea Research | 1988,Acanthocarpus alexandri,Arthropoda,Malacostraca,Decapoda,Calappidae,Acanthocarpus,alexandri,Crustacea,2.89,3.9,Broad group,Crustacea,1.01,34.9480968858,1
Steimle and Terranova,Deep-Sea Research,1988,Steimle and Terranova | Deep-Sea Research | 1988,Actinauge verrilli,Cnidaria,Anthozoa,Actiniaria,Hormathiidae,Actinauge,verrilli,Cnidaria,1.7,0.7,Broad group,Cnidaria,1.0,58.8235294118,1
Steimle and Terranova,Deep-Sea Research,1988,Steimle and Terranova | Deep-Sea Research | 1988,Actinostola callosa,Cnidaria,Anthozoa,Actiniaria,Actinostolidae,Actinostola,callosa,Cnidaria,2.14,0.7,Broad group,Cnidaria,1.44,67.2897196262,1
Steimle and Terranova,Deep-Sea Research,1988,Steimle and Terranova | Deep-Sea Research | 1988,Alepisaurus ferox,Chordata,Teleostei,Aulopiformes,Alepisauridae,Alepisaurus,ferox,Teleostei,1.7,5.62,Broad group,Teleostei,3.92,230.5882352941,1
Steimle and Terranova,Deep-Sea Research,1988,Steimle and Terranova | Deep-Sea Research | 1988,Amphilimna olivacea,Echinodermata,Ophiuroidea,Ophiurida,Amphiuridae,Amphilimna,olivacea,Other invertebrates,2.03,3.0,Broad group,Other invertebrates,0.97,47.7832512315,1
Steimle and Terranova,Deep-Sea Research,1988,Steimle and Terranova | Deep-Sea Research | 1988,Anotopterus pharao,Chordata,Teleostei,Aulopiformes,Paralepididae,Anotopterus,pharao,Teleostei,10.9,4.3,Family,Paralepididae,6.6,60.5504587156,1
Steimle and Terranova,Deep-Sea Research,1988,Steimle and Terranova | Deep-Sea Research | 1988,Antalis entale,Mollusca,Scaphopoda,Dentaliida,Dentaliidae,Antalis,entale,Mollusca (non-cephalopods),3.57,2.14,Broad group,Mollusca (non-cephalopods),1.43,40.056022409,1
Steimle and Terranova,Deep-Sea Research,1988,Steimle and Terranova | Deep-Sea Research | 1988,Antigonia capros,Chordata,Teleostei,Zeiformes,Caproidae,Antigonia,capros,Teleostei,6.59,6.2,Family,Caproidae,0.39,5.9180576631,1
Steimle and Terranova,Deep-Sea Research,1988,Steimle and Terranova | Deep-Sea Research | 1988,Aphanopus carbo,Chordata,Teleostei,Perciformes,Trichiuridae,Aphanopus,carbo,Teleostei,5.2,5.62,Broad group,Teleostei,0.42,8.0769230769,1
Steimle and Terranova,Deep-Sea Research,1988,Steimle and Terranova | Deep-Sea Research | 1988,Argentina silus,Chordata,Teleostei,Osmeriformes,Argentinidae,Argentina,silus,Teleostei,4.63,6.1,Genus,Argentina,1.47,31.7494600432,1
Steimle and Terranova,Deep-Sea Research,1988,Steimle and Terranova | Deep-Sea Research | 1988,Argentina striata,Chordata,Teleostei,Osmeriformes,Argentinidae,Argentina,striata,Teleostei,8.37,6.1,Genus,Argentina,2.27,27.1206690562,1
Steimle and Terranova,Deep-Sea Research,1988,Steimle and Terranova | Deep-Sea Research | 1988,Astropecten americanus,Echinodermata,Asteroidea,Paxillosida,Astropectinidae,Astropecten,americanus,Other invertebrates,2.02,3.0,Broad group,Other invertebrates,0.98,48.5148514851,1
Steimle and Terranova,Deep-Sea Research,1988,Steimle and Terranova | Deep-Sea Research | 1988,Asychis biceps,Annelida,Polychaeta,,Maldanidae,Asychis,biceps,Annelida,5.24,1.28,Broad group,Annelida,3.96,75.572519084,1
Steimle and Terranova,Deep-Sea Research,1988,Steimle and Terranova | Deep-Sea Research | 1988,Atlantopandalus propinqvus,Arthropoda,Malacostraca,Decapoda,Pandalidae,Atlantopandalus,propinqvus,Crustacea,9.52,3.9,Broad group,Crustacea,5.62,59.0336134454,1
Steimle and Terranova,Deep-Sea Research,1988,Steimle and Terranova | Deep-Sea Research | 1988,Bathynectes superba,Arthropoda,Malacostraca,Decapoda,Portunidae,Bathynectes,superba,Crustacea,2.72,5.55,Family,Portunidae,2.83,104.0441176471,1
Steimle and Terranova,Deep-Sea Research,1988,Steimle and Terranova | Deep-Sea Research | 1988,Bathypolypus arcticus,Mollusca,Cephalopoda,Octopoda,Octopodidae,Bathypolypus,arcticus,Cephalopoda,3.14,4.7,Family,Octopodidae,1.56,49.6815286624,1
Steimle and Terranova,Deep-Sea Research,1988,Steimle and Terranova | Deep-Sea Research | 1988,Caelorinchus caelorhincus,Chordata,Teleostei,Gadiformes,Macrouridae,Caelorinchus,caelorhincus,Teleostei,5.61,5.1,Family,Macrouridae,0.51,9.0909090909,1
Steimle and Terranova,Deep-Sea Research,1988,Steimle and Terranova | Deep-Sea Research | 1988,Catapagurus gracilis,Arthropoda,Malacostraca,Decapoda,Paguridae,Catapagurus,gracilis,Crustacea,2.5,3.9,Broad group,Crustacea,1.4,56.0,1
Steimle and Terranova,Deep-Sea Research,1988,Steimle and Terranova | Deep-Sea Research | 1988,Centroscyllium fabricii,Chordata,Chondrichthyes,Squaliformes,Etmopteridae,Centroscyllium,fabricii,Chondrichthyes,5.03,5.7,Broad group,Chondrichthyes,0.67,13.3200795229,1
Steimle and Terranova,Deep-Sea Research,1988,Steimle and Terranova | Deep-Sea Research | 1988,Ceratoscopelus maderensis,Chordata,Teleostei,Myctophiformes,Myctophidae,Ceratoscopelus,maderensis,Teleostei,7.22,7.0,Family,Myctophidae,0.22,3.0470914127,1
Steimle and Terranova,Deep-Sea Research,1988,Steimle and Terranova | Deep-Sea Research | 1988,Cerianthus borealis,Cnidaria,Anthozoa,Ceriantharia,Cerianthidae,Cerianthus,borealis,Cnidaria,3.76,0.7,Broad group,Cnidaria,3.06,81.3829787234,1
Steimle and Terranova,Deep-Sea Research,1988,Steimle and Terranova | Deep-Sea Research | 1988,Chauliodus sloani,Chordata,Teleostei,Stomiiformes,Stomiidae,Chauliodus,sloani,Teleostei,5.05,2.8,Family,Stomiidae,2.25,44.5544554455,1
Steimle and Terranova,Deep-Sea Research,1988,Steimle and Terranova | Deep-Sea Research | 1988,Chionoecetes opilio,Arthropoda,Malacostraca,Decapoda,Oregoniidae,Chionoecetes,opilio,Crustacea,4.73,3.9,Broad group,Crustacea,0.83,17.5475687104,1
Steimle and Terranova,Deep-Sea Research,1988,Steimle and Terranova | Deep-Sea Research | 1988,Chlorophthalmus agassizi,Chordata,Teleostei,Aulopiformes,Chlorophthalmidae,Chlorophthalmus,agassizi,Teleostei,4.43,5.62,Broad group,Teleostei,1.19,26.8623024831,1
Steimle and Terranova,Deep-Sea Research,1988,Steimle and Terranova | Deep-Sea Research | 1988,Chondraster grandis,Echinodermata,Asteroidea,Valvatida,Poraniidae,Chondraster,grandis,Other invertebrates,1.16,3.0,Broad group,Other invertebrates,1.84,158.6206896552,1
Steimle and Terranova,Deep-Sea Research,1988,Steimle and Terranova | Deep-Sea Research | 1988,Diplopteraster multipes,Echinodermata,Asteroidea,Velatida,Pterasteridae,Diplopteraster,multipes,Other invertebrates,2.42,3.0,Broad group,Other invertebrates,0.58,23.9669421488,1
Steimle and Terranova,Deep-Sea Research,1988,Steimle and Terranova | Deep-Sea Research | 1988,Epigonus pandionis,Chordata,Teleostei,Perciformes,Epigonidae,Epigonus,pandionis,Teleostei,7.35,5.62,Broad group,Teleostei,1.73,23.537414966,1
Steimle and Terranova,Deep-Sea Research,1988,Steimle and Terranova | Deep-Sea Research | 1988,Epimeria loricata,Arthropoda,Malacostraca,Amphipoda,Epimeriidae,Epimeria,loricata,Crustacea,9.67,3.9,Broad group,Crustacea,5.77,59.6690796277,1
Steimle and Terranova,Deep-Sea Research,1988,Steimle and Terranova | Deep-Sea Research | 1988,Eusergestes arcticus,Arthropoda,Malacostraca,Decapoda,Sergestidae,Eusergestes,arcticus,Crustacea,4.86,3.9,Broad group,Crustacea,0.96,19.7530864198,1
Steimle and Terranova,Deep-Sea Research,1988,Steimle and Terranova | Deep-Sea Research | 1988,Gadella imberbis,Chordata,Teleostei,Gadiformes,Moridae,Gadella,imberbis,Teleostei,6.21,5.62,Broad group,Teleostei,0.59,9.500805153,1
Steimle and Terranova,Deep-Sea Research,1988,Steimle and Terranova | Deep-Sea Research | 1988,Geryon quinquedens,Arthropoda,Malacostraca,Decapoda,Geryonidae,Geryon,quinquedens,Crustacea,3.9,3.9,Broad group,Crustacea,0.0,0.0,1
Steimle and Terranova,Deep-Sea Research,1988,Steimle and Terranova | Deep-Sea Research | 1988,Gonostoma elongatum,Chordata,Teleostei,Stomiiformes,Gonostomatidae,Gonostoma,elongatum,Teleostei,4.5,5.62,Broad group,Teleostei,1.12,24.8888888889,1
Steimle and Terranova,Deep-Sea Research,1988,Steimle and Terranova | Deep-Sea Research | 1988,Grammicolepis brachiusculus,Chordata,Teleostei,Zeiformes,Grammicolepididae,Grammicolepis,brachiusculus,Teleostei,6.25,5.62,Broad group,Teleostei,0.63,10.08,1
Steimle and Terranova,Deep-Sea Research,1988,Steimle and Terranova | Deep-Sea Research | 1988,Grimalditeuthis bonplandi,Mollusca,Cephalopoda,Teuthida,Chiroteuthidae,Grimalditeuthis,bonplandi,Cephalopoda,5.21,4.7,Broad group,Cephalopoda,0.51,9.7888675624,1
Steimle and Terranova,Deep-Sea Research,1988,Steimle and Terranova | Deep-Sea Research | 1988,Haliphron atlanticus,Mollusca,Cephalopoda,Octopoda,Alloposidae,Haliphron,atlanticus,Cephalopoda,2.2,4.7,Broad group,Cephalopoda,2.5,113.6363636364,1
Steimle and Terranova,Deep-Sea Research,1988,Steimle and Terranova | Deep-Sea Research | 1988,Hyalinoecia tubicola,Annelida,Polychaeta,Eunicida,Onuphidae,Hyalinoecia,tubicola,Annelida,4.42,1.28,Broad group,Annelida,3.14,71.0407239819,2
Steimle and Terranova,Deep-Sea Research,1988,Steimle and Terranova | Deep-Sea Research | 1988,Hygophum benoiti,Chordata,Teleostei,Myctophiformes,Myctophidae,Hygophum,benoiti,Teleostei,7.71,7.0,Family,Myctophidae,0.71,9.2088197147,1
Steimle and Terranova,Deep-Sea Research,1988,Steimle and Terranova | Deep-Sea Research | 1988,Hygophum hygomii,Chordata,Teleostei,Myctophiformes,Myctophidae,Hygophum,hygomii,Teleostei,6.06,7.0,Family,Myctophidae,0.94,15.5115511551,1
Steimle and Terranova,Deep-Sea Research,1988,Steimle and Terranova | Deep-Sea Research | 1988,Iridonida iris,Arthropoda,Malacostraca,Decapoda,Munididae,Iridonida,iris,Crustacea,2.96,3.9,Broad group,Crustacea,0.94,31.7567567568,1
Steimle and Terranova,Deep-Sea Research,1988,Steimle and Terranova | Deep-Sea Research | 1988,Lithodes maja,Arthropoda,Malacostraca,Decapoda,Lithodidae,Lithodes,maja,Crustacea,5.58,3.9,Broad group,Crustacea,1.68,30.1075268817,1
Steimle and Terranova,Deep-Sea Research,1988,Steimle and Terranova | Deep-Sea Research | 1988,Lopholatilus chamaeleonticeps,Chordata,Teleostei,Perciformes,Malacanthidae,Lopholatilus,chamaeleonticeps,Teleostei,5.4,5.62,Broad group,Teleostei,0.22,4.0740740741,1
Steimle and Terranova,Deep-Sea Research,1988,Steimle and Terranova | Deep-Sea Research | 1988,Lycenchelys verrilli,Chordata,Teleostei,Perciformes,Zoarcidae,Lycenchelys,verrilli,Teleostei,5.13,5.62,Broad group,Teleostei,0.49,9.5516569201,1
Steimle and Terranova,Deep-Sea Research,1988,Steimle and Terranova | Deep-Sea Research | 1988,Macrorhamphosus scolopax,Chordata,Teleostei,Gasterosteiformes,Macroramphosidae,Macrorhamphosus,scolopax,Teleostei,4.88,5.62,Broad group,Teleostei,0.74,15.1639344262,1
Steimle and Terranova,Deep-Sea Research,1988,Steimle and Terranova | Deep-Sea Research | 1988,Maurolicus australis,Chordata,Teleostei,Stomiiformes,Sternoptychidae,Maurolicus,australis,Teleostei,8.39,4.2,Genus,Maurolicus,4.19,49.9404052443,1
Steimle and Terranova,Deep-Sea Research,1988,Steimle and Terranova | Deep-Sea Research | 1988,Merluccius albidus,Chordata,Teleostei,Gadiformes,Merlucciidae,Merluccius,albidus,Teleostei,6.17,3.99,Genus,Merluccius,2.18,35.3322528363,1
Steimle and Terranova,Deep-Sea Research,1988,Steimle and Terranova | Deep-Sea Research | 1988,Metapenaeopsis goodei,Arthropoda,Malacostraca,Decapoda,Penaeidae,Metapenaeopsis,goodei,Crustacea,5.22,3.84,Family,Penaeidae,1.38,26.4367816092,1
Steimle and Terranova,Deep-Sea Research,1988,Steimle and Terranova | Deep-Sea Research | 1988,Molpadia oolitica,Echinodermata,Holothuroidea,Molpadida,Molpadiidae,Molpadia,oolitica,Other invertebrates,1.22,3.0,Broad group,Other invertebrates,1.78,145.9016393443,1
Steimle and Terranova,Deep-Sea Research,1988,Steimle and Terranova | Deep-Sea Research | 1988,Myctophum affine,Chordata,Teleostei,Myctophiformes,Myctophidae,Myctophum,affine,Teleostei,7.74,7.0,Family,Myctophidae,0.74,9.5607235142,1
Steimle and Terranova,Deep-Sea Research,1988,Steimle and Terranova | Deep-Sea Research | 1988,Nemichthys scolopaceus,Chordata,Teleostei,Anguilliformes,Nemichthyidae,Nemichthys,scolopaceus,Teleostei,9.95,5.62,Broad group,Teleostei,4.33,43.5175879397,1
Steimle and Terranova,Deep-Sea Research,1988,Steimle and Terranova | Deep-Sea Research | 1988,Nezumia bairdii,Chordata,Teleostei,Gadiformes,Macrouridae,Nezumia,bairdii,Teleostei,3.83,5.1,Family,Macrouridae,1.27,33.1592689295,1
Steimle and Terranova,Deep-Sea Research,1988,Steimle and Terranova | Deep-Sea Research | 1988,Ommastrephes caroli,Mollusca,Cephalopoda,Teuthida,Ommastrephidae,Ommastrephes,caroli,Cephalopoda,4.14,4.4,Family,Ommastrephidae,0.26,6.2801932367,1
Steimle and Terranova,Deep-Sea Research,1988,Steimle and Terranova | Deep-Sea Research | 1988,Ophiura sarsi,Echinodermata,Ophiuroidea,Ophiurida,Ophiuridae,Ophiura,sarsi,Other invertebrates,2.63,3.0,Broad group,Other invertebrates,0.37,14.0684410646,1
Steimle and Terranova,Deep-Sea Research,1988,Steimle and Terranova | Deep-Sea Research | 1988,Paelopatides gigantea,Echinodermata,Holothuroidea,Synallactida,Synallactidae,Paelopatides,gigantea,Other invertebrates,0.79,3.0,Broad group,Other invertebrates,2.21,279.746835443,1
Steimle and Terranova,Deep-Sea Research,1988,Steimle and Terranova | Deep-Sea Research | 1988,Pandalus borealis,Arthropoda,Malacostraca,Decapoda,Pandalidae,Pandalus,borealis,Crustacea,6.83,3.9,Broad group,Crustacea,2.93,42.8989751098,1
Steimle and Terranova,Deep-Sea Research,1988,Steimle and Terranova | Deep-Sea Research | 1988,Pandalus montagui,Arthropoda,Malacostraca,Decapoda,Pandalidae,Pandalus,montagui,Crustacea,4.88,3.9,Broad group,Crustacea,0.98,20.0819672131,1
Steimle and Terranova,Deep-Sea Research,1988,Steimle and Terranova | Deep-Sea Research | 1988,Paragorgia arborea,Cnidaria,Anthozoa,Alcyonacea,Paragorgiidae,Paragorgia,arborea,Cnidaria,2.83,0.7,Broad group,Cnidaria,2.13,75.2650176678,1
Steimle and Terranova,Deep-Sea Research,1988,Steimle and Terranova | Deep-Sea Research | 1988,Pennatula aculeata,Cnidaria,Anthozoa,Pennatulacea,Pennatulidae,Pennatula,aculeata,Cnidaria,2.07,0.7,Broad group,Cnidaria,1.37,66.1835748792,1
Steimle and Terranova,Deep-Sea Research,1988,Steimle and Terranova | Deep-Sea Research | 1988,Phycis chesteri,Chordata,Teleostei,Gadiformes,Gadidae,Phycis,chesteri,Teleostei,6.53,5.0,Genus,Phycis,1.53,23.4303215926,1
Steimle and Terranova,Deep-Sea Research,1988,Steimle and Terranova | Deep-Sea Research | 1988,Pleoticus robustus,Arthropoda,Malacostraca,Decapoda,Solenoceridae,Pleoticus,robustus,Crustacea,5.24,3.9,Broad group,Crustacea,1.34,25.572519084,1
Steimle and Terranova,Deep-Sea Research,1988,Steimle and Terranova | Deep-Sea Research | 1988,Poecilasma inaequilaterale,Arthropoda,Maxillopoda,Pedunculata,Poecilasmatidae,Poecilasma,inaequilaterale,Crustacea,4.17,3.9,Broad group,Crustacea,0.27,6.4748201439,1
Steimle and Terranova,Deep-Sea Research,1988,Steimle and Terranova | Deep-Sea Research | 1988,Polyipnus asteroides,Chordata,Teleostei,Stomiiformes,Sternoptychidae,Polyipnus,asteroides,Teleostei,8.25,3.85,Family,Sternoptychidae,4.4,53.3333333333,1
Steimle and Terranova,Deep-Sea Research,1988,Steimle and Terranova | Deep-Sea Research | 1988,Polymixia lowei,Chordata,Teleostei,Polymixiiformes,Polymixiidae,Polymixia,lowei,Teleostei,6.66,5.62,Broad group,Teleostei,1.04,15.6156156156,1
Steimle and Terranova,Deep-Sea Research,1988,Steimle and Terranova | Deep-Sea Research | 1988,Primnoa resedaeformis,Cnidaria,Anthozoa,Alcyonacea,Primnoidae,Primnoa,resedaeformis,Cnidaria,3.03,0.7,Broad group,Cnidaria,2.33,76.897689769,1
Steimle and Terranova,Deep-Sea Research,1988,Steimle and Terranova | Deep-Sea Research | 1988,Promethichthys prometheus,Chordata,Teleostei,Perciformes,Gempylidae,Promethichthys,prometheus,Teleostei,5.24,5.62,Broad group,Teleostei,0.38,7.2519083969,1
Steimle and Terranova,Deep-Sea Research,1988,Steimle and Terranova | Deep-Sea Research | 1988,Pseudarchaster parelii,Echinodermata,Asteroidea,Paxillosida,Pseudarchasteridae,Pseudarchaster,parelii,Other invertebrates,2.49,3.0,Broad group,Other invertebrates,0.51,20.4819277108,1
Steimle and Terranova,Deep-Sea Research,1988,Steimle and Terranova | Deep-Sea Research | 1988,Pyrosoma atlanticum,Chordata,Thaliacea,Pyrosomida,Pyrosomatidae,Pyrosoma,atlanticum,Other invertebrates,0.65,3.0,Broad group,Other invertebrates,2.35,361.5384615385,1
Steimle and Terranova,Deep-Sea Research,1988,Steimle and Terranova | Deep-Sea Research | 1988,Scyliorhinus retifer,Chordata,Chondrichthyes,Carcharhiniformes,Scyliorhinidae,Scyliorhinus,retifer,Chondrichthyes,6.63,6.4,Genus,Scyliorhinus,0.23,3.4690799397,1
Steimle and Terranova,Deep-Sea Research,1988,Steimle and Terranova | Deep-Sea Research | 1988,Semirossia tenera,Mollusca,Cephalopoda,Sepiolida,Sepiolidae,Semirossia,tenera,Cephalopoda,8.72,4.8,Family,Sepiolidae,3.92,44.9541284404,1
Steimle and Terranova,Deep-Sea Research,1988,Steimle and Terranova | Deep-Sea Research | 1988,Solemya grandis,Mollusca,Bivalvia,Solemyida,Solemyidae,Solemya,grandis,Mollusca (non-cephalopods),5.76,2.14,Broad group,Mollusca (non-cephalopods),3.62,62.8472222222,1
Steimle and Terranova,Deep-Sea Research,1988,Steimle and Terranova | Deep-Sea Research | 1988,Sternaspis fossor,Annelida,Polychaeta,Terebellida,Sternaspidae,Sternaspis,fossor,Annelida,3.13,1.28,Broad group,Annelida,1.85,59.1054313099,1
Steimle and Terranova,Deep-Sea Research,1988,Steimle and Terranova | Deep-Sea Research | 1988,Stomias boa ferox,Chordata,Teleostei,Stomiiformes,Stomiidae,Stomias,ferox,Teleostei,3.47,2.8,Genus,Stomias,0.67,19.3083573487,1
Steimle and Terranova,Deep-Sea Research,1988,Steimle and Terranova | Deep-Sea Research | 1988,Synagrops bellus,Chordata,Teleostei,Perciformes,Acropomatidae,Synagrops,bellus,Teleostei,6.65,5.62,Broad group,Teleostei,1.03,15.4887218045,1
Steimle and Terranova,Deep-Sea Research,1988,Steimle and Terranova | Deep-Sea Research | 1988,Syscenus infelix,Arthropoda,Malacostraca,Isopoda,Aegidae,Syscenus,infelix,Crustacea,7.24,3.9,Broad group,Crustacea,3.34,46.1325966851,1
Steimle and Terranova,Deep-Sea Research,1988,Steimle and Terranova | Deep-Sea Research | 1988,Thyasira flexuosa,Mollusca,Bivalvia,Lucinida,Thyasiridae,Thyasira,flexuosa,Mollusca (non-cephalopods),1.42,2.14,Broad group,Mollusca (non-cephalopods),0.72,50.7042253521,1
Steimle and Terranova,Deep-Sea Research,1988,Steimle and Terranova | Deep-Sea Research | 1988,Typhlonida valida,Arthropoda,Malacostraca,Decapoda,Munididae,Typhlonida,valida,Crustacea,3.41,3.9,Broad group,Crustacea,0.49,14.3695014663,1
Steimle and Terranova,Deep-Sea Research,1988,Steimle and Terranova | Deep-Sea Research | 1988,Zenopsis conchifera,Chordata,Teleostei,Zeiformes,Zeidae,Zenopsis,conchifera,Teleostei,2.78,5.62,Broad group,Teleostei,2.84,102.1582733813,1
Stickney and Torres,Marine Biology,1989,Stickney and Torres | Marine Biology | 1989,Anoplogaster cornuta,Chordata,Teleostei,Beryciformes,Anoplogastridae,Anoplogaster,cornuta,Teleostei,1.73,5.62,Broad group,Teleostei,3.89,224.8554913295,1
Stickney and Torres,Marine Biology,1989,Stickney and Torres | Marine Biology | 1989,Argyropelecus aculeatus,Chordata,Teleostei,Stomiiformes,Sternoptychidae,Argyropelecus,aculeatus,Teleostei,3.09,3.5,Genus,Argyropelecus,0.41,13.2686084142,1
Stickney and Torres,Marine Biology,1989,Stickney and Torres | Marine Biology | 1989,Argyropelecus hemigymnus,Chordata,Teleostei,Stomiiformes,Sternoptychidae,Argyropelecus,hemigymnus,Teleostei,3.01,3.5,Genus,Argyropelecus,0.49,16.2790697674,1
Stickney and Torres,Marine Biology,1989,Stickney and Torres | Marine Biology | 1989,Bathylagus longirostris,Chordata,Teleostei,Osmeriformes,Bathylagidae,Bathylagus,longirostris,Teleostei,1.87,5.62,Broad group,Teleostei,3.75,200.5347593583,1
Stickney and Torres,Marine Biology,1989,Stickney and Torres | Marine Biology | 1989,Benthosema suborbitale,Chordata,Teleostei,Myctophiformes,Myctophidae,Benthosema,suborbitale,Teleostei,3.41,5.9,Genus,Benthosema,2.49,73.0205278592,1
Stickney and Torres,Marine Biology,1989,Stickney and Torres | Marine Biology | 1989,Bolinichthys photothorax,Chordata,Teleostei,Myctophiformes,Myctophidae,Bolinichthys,photothorax,Teleostei,3.6,7.0,Family,Myctophidae,3.4,94.4444444444,1
Stickney and Torres,Marine Biology,1989,Stickney and Torres | Marine Biology | 1989,Centrobranchus nigroocellatus,Chordata,Teleostei,Myctophiformes,Myctophidae,Centrobranchus,nigroocellatus,Teleostei,2.21,7.0,Family,Myctophidae,4.79,216.742081448,1
Stickney and Torres,Marine Biology,1989,Stickney and Torres | Marine Biology | 1989,Cyclothone pallida,Chordata,Teleostei,Stomiiformes,Gonostomatidae,Cyclothone,pallida,Teleostei,2.41,5.62,Broad group,Teleostei,3.21,133.1950207469,1
Stickney and Torres,Marine Biology,1989,Stickney and Torres | Marine Biology | 1989,Diaphus dumerilii,Chordata,Teleostei,Myctophiformes,Myctophidae,Diaphus,dumerilii,Teleostei,3.55,7.0,Family,Myctophidae,3.45,97.1830985915,1
Stickney and Torres,Marine Biology,1989,Stickney and Torres | Marine Biology | 1989,Diaphus effulgens,Chordata,Teleostei,Myctophiformes,Myctophidae,Diaphus,effulgens,Teleostei,3.1,7.0,Family,Myctophidae,3.9,125.8064516129,1
Stickney and Torres,Marine Biology,1989,Stickney and Torres | Marine Biology | 1989,Diaphus lucidus,Chordata,Teleostei,Myctophiformes,Myctophidae,Diaphus,lucidus,Teleostei,4.08,7.0,Family,Myctophidae,2.92,71.568627451,1
Stickney and Torres,Marine Biology,1989,Stickney and Torres | Marine Biology | 1989,Diaphus mollis,Chordata,Teleostei,Myctophiformes,Myctophidae,Diaphus,mollis,Teleostei,3.7,7.0,Family,Myctophidae,3.3,89.1891891892,1
Stickney and Torres,Marine Biology,1989,Stickney and Torres | Marine Biology | 1989,Diaphus splendidus,Chordata,Teleostei,Myctophiformes,Myctophidae,Diaphus,splendidus,Teleostei,3.76,7.0,Family,Myctophidae,3.24,86.170212766,1
Stickney and Torres,Marine Biology,1989,Stickney and Torres | Marine Biology | 1989,Gonichthys cocco,Chordata,Teleostei,Myctophiformes,Myctophidae,Gonichthys,cocco,Teleostei,3.81,7.0,Family,Myctophidae,3.19,83.7270341207,1
Stickney and Torres,Marine Biology,1989,Stickney and Torres | Marine Biology | 1989,Gonostoma elongatum,Chordata,Teleostei,Stomiiformes,Gonostomatidae,Gonostoma,elongatum,Teleostei,2.25,5.62,Broad group,Teleostei,3.37,149.7777777778,1
Stickney and Torres,Marine Biology,1989,Stickney and Torres | Marine Biology | 1989,Hygophum benoiti,Chordata,Teleostei,Myctophiformes,Myctophidae,Hygophum,benoiti,Teleostei,3.98,7.0,Family,Myctophidae,3.02,75.8793969849,1
Stickney and Torres,Marine Biology,1989,Stickney and Torres | Marine Biology | 1989,Hygophum reinhardtii,Chordata,Teleostei,Myctophiformes,Myctophidae,Hygophum,reinhardtii,Teleostei,4.4,7.0,Family,Myctophidae,2.6,59.0909090909,1
Stickney and Torres,Marine Biology,1989,Stickney and Torres | Marine Biology | 1989,Lampadena luminosa,Chordata,Teleostei,Myctophiformes,Myctophidae,Lampadena,luminosa,Teleostei,3.07,7.0,Family,Myctophidae,3.93,128.013029316,1
Stickney and Torres,Marine Biology,1989,Stickney and Torres | Marine Biology | 1989,Lampanyctus alatus,Chordata,Teleostei,Myctophiformes,Myctophidae,Lampanyctus,alatus,Teleostei,3.84,4.1,Genus,Lampanyctus,0.26,6.7708333333,1
Stickney and Torres,Marine Biology,1989,Stickney and Torres | Marine Biology | 1989,Lampanyctus lineatus,Chordata,Teleostei,Myctophiformes,Myctophidae,Lampanyctus,lineatus,Teleostei,1.72,4.1,Genus,Lampanyctus,2.38,138.3720930233,1
Stickney and Torres,Marine Biology,1989,Stickney and Torres | Marine Biology | 1989,Lepidophanes guentheri,Chordata,Teleostei,Myctophiformes,Myctophidae,Lepidophanes,guentheri,Teleostei,3.42,7.0,Family,Myctophidae,3.58,104.6783625731,1
Stickney and Torres,Marine Biology,1989,Stickney and Torres | Marine Biology | 1989,Melamphaes longivelis,Chordata,Teleostei,Stephanoberyciformes,Melamphaidae,Melamphaes,longivelis,Teleostei,2.79,5.62,Broad group,Teleostei,2.83,101.4336917563,1
Stickney and Torres,Marine Biology,1989,Stickney and Torres | Marine Biology | 1989,Myctophum nitidulum,Chordata,Teleostei,Myctophiformes,Myctophidae,Myctophum,nitidulum,Teleostei,3.18,7.0,Family,Myctophidae,3.82,120.1257861635,1
Stickney and Torres,Marine Biology,1989,Stickney and Torres | Marine Biology | 1989,Notolychnus valdiviae,Chordata,Teleostei,Myctophiformes,Myctophidae,Notolychnus,valdiviae,Teleostei,5.97,7.0,Family,Myctophidae,1.03,17.2529313233,1
Stickney and Torres,Marine Biology,1989,Stickney and Torres | Marine Biology | 1989,Notoscopelus resplendens,Chordata,Teleostei,Myctophiformes,Myctophidae,Notoscopelus,resplendens,Teleostei,3.77,7.9,Genus,Notoscopelus,4.13,109.549071618,1
Stickney and Torres,Marine Biology,1989,Stickney and Torres | Marine Biology | 1989,Scopelogadus mizolepis,Chordata,Teleostei,Stephanoberyciformes,Melamphaidae,Scopelogadus,mizolepis,Teleostei,1.91,5.62,Broad group,Teleostei,3.71,194.2408376963,1
Stickney and Torres,Marine Biology,1989,Stickney and Torres | Marine Biology | 1989,Sternoptyx diaphana,Chordata,Teleostei,Stomiiformes,Sternoptychidae,Sternoptyx,diaphana,Teleostei,2.87,3.85,Family,Sternoptychidae,0.98,34.1463414634,1
Stickney and Torres,Marine Biology,1989,Stickney and Torres | Marine Biology | 1989,Sternoptyx pseudobscura,Chordata,Teleostei,Stomiiformes,Sternoptychidae,Sternoptyx,pseudobscura,Teleostei,2.21,3.85,Family,Sternoptychidae,1.64,74.2081447964,1
Stickney and Torres,Marine Biology,1989,Stickney and Torres | Marine Biology | 1989,Taaningichthys bathyphilus,Chordata,Teleostei,Myctophiformes,Myctophidae,Taaningichthys,bathyphilus,Teleostei,2.98,7.0,Family,Myctophidae,4.02,134.8993288591,1
Takahashi et al.,Marine Biology,2001,Takahashi et al. | Marine Biology | 2001,Engraulis japonicus,Chordata,Teleostei,Clupeiformes,Engraulidae,Engraulis,japonicus,Teleostei,6.26,6.825,Genus,Engraulis,0.565,9.0255591054,3
Tamura,JARPNII Review,2016,Tamura | JARPNII Review | 2016,Engraulis japonicus,Chordata,Teleostei,Clupeiformes,Engraulidae,Engraulis,japonicus,Teleostei,5.085,6.825,Genus,Engraulis,1.74,34.2182890855,4
Tamura,JARPNII Review,2016,Tamura | JARPNII Review | 2016,Gadus chalcogrammus,Chordata,Teleostei,Gadiformes,Gadidae,Gadus,chalcogrammus,Teleostei,6.075,4.7,Family,Gadidae,1.375,22.633744856,2
Tamura,JARPNII Review,2016,Tamura | JARPNII Review | 2016,Scomber japonicus,Chordata,Teleostei,Perciformes,Scombridae,Scomber,japonicus,Teleostei,6.48,6.1225,Genus,Scomber,0.3575,5.5169753086,4
Tamura,JARPNII Review,2016,Tamura | JARPNII Review | 2016,Vinciguerria nimbaria,Chordata,Teleostei,Stomiiformes,Phosichthyidae,Vinciguerria,nimbaria,Teleostei,8.58,5.62,Broad group,Teleostei,2.96,34.4988344988,2
Thayer et al.,Fishery Bulletin,1973,Thayer et al. | Fishery Bulletin | 1973,Acteocina canaliculata,Mollusca,Gastropoda,Cephalaspidea,Cylichnidae,Acteocina,canaliculata,Mollusca (non-cephalopods),1.31,2.14,Broad group,Mollusca (non-cephalopods),0.83,63.358778626,3
Thayer et al.,Fishery Bulletin,1973,Thayer et al. | Fishery Bulletin | 1973,Amphitrite ornata,Annelida,Polychaeta,Terebellida,Terebellidae,Amphitrite,ornata,Annelida,1.27,1.28,Broad group,Annelida,0.01,0.7874015748,1
Thayer et al.,Fishery Bulletin,1973,Thayer et al. | Fishery Bulletin | 1973,Ampithoe longimana,Arthropoda,Malacostraca,Amphipoda,Ampithoidae,Ampithoe,longimana,Crustacea,4.435,3.9,Broad group,Crustacea,0.535,12.0631341601,2
Thayer et al.,Fishery Bulletin,1973,Thayer et al. | Fishery Bulletin | 1973,Anachis avara,Mollusca,Gastropoda,Neogastropoda,Columbellidae,Anachis,avara,Mollusca (non-cephalopods),1.165,2.14,Broad group,Mollusca (non-cephalopods),0.975,83.6909871245,4
Thayer et al.,Fishery Bulletin,1973,Thayer et al. | Fishery Bulletin | 1973,Anadara transversa,Mollusca,Bivalvia,Arcida,Arcidae,Anadara,transversa,Mollusca (non-cephalopods),0.764,2.14,Broad group,Mollusca (non-cephalopods),1.376,180.1047120419,2
Thayer et al.,Fishery Bulletin,1973,Thayer et al. | Fishery Bulletin | 1973,Anomia simplex,Mollusca,Bivalvia,Arcida,Anomiidae,Anomia,simplex,Mollusca (non-cephalopods),1.19,2.14,Broad group,Mollusca (non-cephalopods),0.95,79.8319327731,1
Thayer et al.,Fishery Bulletin,1973,Thayer et al. | Fishery Bulletin | 1973,Arbacia punctulata,Echinodermata,Echinoidea,Arbacioida,Arbaciidae,Arbacia,punctulata,Other invertebrates,0.209,3.0,Broad group,Other invertebrates,2.791,1335.4066985646,1
Thayer et al.,Fishery Bulletin,1973,Thayer et al. | Fishery Bulletin | 1973,Argopecten irradians,Mollusca,Bivalvia,Pectinida,Pectinidae,Argopecten,irradians,Mollusca (non-cephalopods),1.53,2.14,Broad group,Mollusca (non-cephalopods),0.61,39.8692810458,1
Thayer et al.,Fishery Bulletin,1973,Thayer et al. | Fishery Bulletin | 1973,Atrina serrata,Mollusca,Bivalvia,Pteriida,Pinnidae,Atrina,serrata,Mollusca (non-cephalopods),1.91,2.14,Broad group,Mollusca (non-cephalopods),0.23,12.0418848168,1
Thayer et al.,Fishery Bulletin,1973,Thayer et al. | Fishery Bulletin | 1973,Balanus balanoides,Arthropoda,Maxillopoda,Sessilia,Balanidae,Balanus,balanoides,Crustacea,2.045,3.9,Broad group,Crustacea,1.855,90.7090464548,2
Thayer et al.,Fishery Bulletin,1973,Thayer et al. | Fishery Bulletin | 1973,Bittium varium,Mollusca,Gastropoda,Cerithiida,Cerithiidae,Bittium,varium,Mollusca (non-cephalopods),1.68,2.14,Broad group,Mollusca (non-cephalopods),0.46,27.380952381,3
Thayer et al.,Fishery Bulletin,1973,Thayer et al. | Fishery Bulletin | 1973,Brevoortia tyrannus,Chordata,Teleostei,Clupeiformes,Clupeidae,Brevoortia,tyrannus,Teleostei,6.57,6.99,Family,Clupeidae,0.42,6.3926940639,3
Thayer et al.,Fishery Bulletin,1973,Thayer et al. | Fishery Bulletin | 1973,Callinectes sapidus,Arthropoda,Malacostraca,Decapoda,Portunidae,Callinectes,sapidus,Crustacea,3.86,5.55,Family,Portunidae,1.69,43.7823834197,2
Thayer et al.,Fishery Bulletin,1973,Thayer et al. | Fishery Bulletin | 1973,Chione cancellata,Mollusca,Bivalvia,Venerida,Veneridae,Chione,cancellata,Mollusca (non-cephalopods),0.9,2.14,Broad group,Mollusca (non-cephalopods),1.24,137.7777777778,5
Thayer et al.,Fishery Bulletin,1973,Thayer et al. | Fishery Bulletin | 1973,Crassostrea virginica,Mollusca,Bivalvia,Ostreida,Ostreidae,Crassostrea,virginica,Mollusca (non-cephalopods),0.6755,2.14,Broad group,Mollusca (non-cephalopods),1.4645,216.8023686158,2
Thayer et al.,Fishery Bulletin,1973,Thayer et al. | Fishery Bulletin | 1973,Crepidula convexa,Mollusca,Gastropoda,Calyptraeida,Calyptraeidae,Crepidula,convexa,Mollusca (non-cephalopods),1.07,2.14,Broad group,Mollusca (non-cephalopods),1.07,100.0,1
Thayer et al.,Fishery Bulletin,1973,Thayer et al. | Fishery Bulletin | 1973,Crepidula fornicata,Mollusca,Gastropoda,Calyptraeida,Calyptraeidae,Crepidula,fornicata,Mollusca (non-cephalopods),1.19,2.14,Broad group,Mollusca (non-cephalopods),0.95,79.8319327731,2
Thayer et al.,Fishery Bulletin,1973,Thayer et al. | Fishery Bulletin | 1973,Diopatra cuprea,Annelida,Polychaeta,Eunicida,Onuphidae,Diopatra,cuprea,Annelida,5.5,1.28,Broad group,Annelida,4.22,76.7272727273,1
Thayer et al.,Fishery Bulletin,1973,Thayer et al. | Fishery Bulletin | 1973,Fundulus heteroclitus,Chordata,Teleostei,Cyprinodontiformes,Fundulidae,Fundulus,heteroclitus,Teleostei,5.48,5.62,Broad group,Teleostei,0.14,2.5547445255,1
Thayer et al.,Fishery Bulletin,1973,Thayer et al. | Fishery Bulletin | 1973,Fundulus majalis,Chordata,Teleostei,Cyprinodontiformes,Fundulidae,Fundulus,majalis,Teleostei,6.17,5.62,Broad group,Teleostei,0.55,8.9141004862,1
Thayer et al.,Fishery Bulletin,1973,Thayer et al. | Fishery Bulletin | 1973,Gammarus mucronatus,Arthropoda,Malacostraca,Amphipoda,Gammaridae,Gammarus,mucronatus,Crustacea,4.335,3.9,Broad group,Crustacea,0.435,10.0346020761,2
Thayer et al.,Fishery Bulletin,1973,Thayer et al. | Fishery Bulletin | 1973,Gilvossius setimanus,Arthropoda,Malacostraca,Decapoda,Callianassidae,Gilvossius,setimanus,Crustacea,4.67,3.9,Broad group,Crustacea,0.77,16.4882226981,1
Thayer et al.,Fishery Bulletin,1973,Thayer et al. | Fishery Bulletin | 1973,Gobiosoma bosc,Chordata,Teleostei,Perciformes,Gobiidae,Gobiosoma,bosc,Teleostei,6.39,4.26,Family,Gobiidae,2.13,33.3333333333,1
Thayer et al.,Fishery Bulletin,1973,Thayer et al. | Fishery Bulletin | 1973,Ischadium recurvum,Mollusca,Bivalvia,Mytilida,Mytilidae,Ischadium,recurvum,Mollusca (non-cephalopods),2.58,2.14,Broad group,Mollusca (non-cephalopods),0.44,17.0542635659,1
Thayer et al.,Fishery Bulletin,1973,Thayer et al. | Fishery Bulletin | 1973,Lagodon rhomboides,Chordata,Teleostei,Perciformes,Sparidae,Lagodon,rhomboides,Teleostei,4.51,6.9,Family,Sparidae,2.39,52.9933481153,3
Thayer et al.,Fishery Bulletin,1973,Thayer et al. | Fishery Bulletin | 1973,Leiostomus xanthurus,Chordata,Teleostei,Perciformes,Sciaenidae,Leiostomus,xanthurus,Teleostei,4.86,5.56,Family,Sciaenidae,0.7,14.4032921811,2
Thayer et al.,Fishery Bulletin,1973,Thayer et al. | Fishery Bulletin | 1973,Libinia dubia,Arthropoda,Malacostraca,Decapoda,Pisidae,Libinia,dubia,Crustacea,5.5,3.9,Broad group,Crustacea,1.6,29.0909090909,1
Thayer et al.,Fishery Bulletin,1973,Thayer et al. | Fishery Bulletin | 1973,Lolliguncula brevis,Mollusca,Cephalopoda,Teuthida,Loliginidae,Lolliguncula,brevis,Cephalopoda,4.4,4.8,Family,Loliginidae,0.4,9.0909090909,1
Thayer et al.,Fishery Bulletin,1973,Thayer et al. | Fishery Bulletin | 1973,Macoma balthica,Mollusca,Bivalvia,Sphaeriida,Tellinidae,Macoma,balthica,Mollusca (non-cephalopods),1.68,2.14,Broad group,Mollusca (non-cephalopods),0.46,27.380952381,2
Thayer et al.,Fishery Bulletin,1973,Thayer et al. | Fishery Bulletin | 1973,Macoma tenta,Mollusca,Bivalvia,Sphaeriida,Tellinidae,Macoma,tenta,Mollusca (non-cephalopods),1.645,2.14,Broad group,Mollusca (non-cephalopods),0.495,30.0911854103,2
Thayer et al.,Fishery Bulletin,1973,Thayer et al. | Fishery Bulletin | 1973,Mercenaria mercenaria,Mollusca,Bivalvia,Venerida,Veneridae,Mercenaria,mercenaria,Mollusca (non-cephalopods),0.762,2.14,Broad group,Mollusca (non-cephalopods),1.378,180.8398950131,3
Thayer et al.,Fishery Bulletin,1973,Thayer et al. | Fishery Bulletin | 1973,Micropogonias undulatus,Chordata,Teleostei,Perciformes,Sciaenidae,Micropogonias,undulatus,Teleostei,4.6,5.56,Family,Sciaenidae,0.96,20.8695652174,1
Thayer et al.,Fishery Bulletin,1973,Thayer et al. | Fishery Bulletin | 1973,Mitrella lunata,Mollusca,Gastropoda,Neogastropoda,Columbellidae,Mitrella,lunata,Mollusca (non-cephalopods),2.37,2.14,Broad group,Mollusca (non-cephalopods),0.23,9.7046413502,3
Thayer et al.,Fishery Bulletin,1973,Thayer et al. | Fishery Bulletin | 1973,Modiolus demissus,Mollusca,Bivalvia,Mytilida,Mytilidae,Modiolus,demissus,Mollusca (non-cephalopods),2.52,2.14,Broad group,Mollusca (non-cephalopods),0.38,15.0793650794,2
Thayer et al.,Fishery Bulletin,1973,Thayer et al. | Fishery Bulletin | 1973,Molgula manhattensis,Chordata,Ascidiacea,Pleurogona,Molgulidae,Molgula,manhattensis,Other invertebrates,0.916,3.0,Broad group,Other invertebrates,2.084,227.5109170306,1
Thayer et al.,Fishery Bulletin,1973,Thayer et al. | Fishery Bulletin | 1973,Mugil cephalus,Chordata,Teleostei,Mugiliformes,Mugilidae,Mugil,cephalus,Teleostei,5.32,6.14,Family,Mugilidae,0.82,15.4135338346,2
Thayer et al.,Fishery Bulletin,1973,Thayer et al. | Fishery Bulletin | 1973,Mytilus edulis,Mollusca,Bivalvia,Mytilida,Mytilidae,Mytilus,edulis,Mollusca (non-cephalopods),2.83,2.14,Broad group,Mollusca (non-cephalopods),0.69,24.3816254417,1
Thayer et al.,Fishery Bulletin,1973,Thayer et al. | Fishery Bulletin | 1973,Nassarius obsoletus,Mollusca,Gastropoda,Neogastropoda,Nassariidae,Nassarius,obsoletus,Mollusca (non-cephalopods),1.66,2.14,Broad group,Mollusca (non-cephalopods),0.48,28.9156626506,1
Thayer et al.,Fishery Bulletin,1973,Thayer et al. | Fishery Bulletin | 1973,Nassarius vibex,Mollusca,Gastropoda,Neogastropoda,Nassariidae,Nassarius,vibex,Mollusca (non-cephalopods),1.065,2.14,Broad group,Mollusca (non-cephalopods),1.075,100.9389671362,4
Thayer et al.,Fishery Bulletin,1973,Thayer et al. | Fishery Bulletin | 1973,Nereis pelagica,Annelida,Polychaeta,Phyllodocida,Nereididae,Nereis,pelagica,Annelida,3.725,1.165,Family,Nereididae,2.56,68.7248322148,2
Thayer et al.,Fishery Bulletin,1973,Thayer et al. | Fishery Bulletin | 1973,Ophioderma brevispinum,Echinodermata,Ophiuroidea,Ophiurida,Ophiodermatidae,Ophioderma,brevispinum,Other invertebrates,2.31,3.0,Broad group,Other invertebrates,0.69,29.8701298701,3
Thayer et al.,Fishery Bulletin,1973,Thayer et al. | Fishery Bulletin | 1973,Palaemonetes pugio,Arthropoda,Malacostraca,Decapoda,Palaemonidae,Palaemon,pugio,Crustacea,6.21,3.4,Genus,Palaemon,2.81,45.2495974235,1
Thayer et al.,Fishery Bulletin,1973,Thayer et al. | Fishery Bulletin | 1973,Paralichthys dentatus,Chordata,Teleostei,Pleuronectiformes,Paralichthyidae,Paralichthys,dentatus,Teleostei,4.545,5.62,Broad group,Teleostei,1.075,23.6523652365,2
Thayer et al.,Fishery Bulletin,1973,Thayer et al. | Fishery Bulletin | 1973,Penaeus setiferus,Arthropoda,Malacostraca,Decapoda,Penaeidae,Penaeus,setiferus,Crustacea,4.62,3.84,Family,Penaeidae,0.78,16.8831168831,1
Thayer et al.,Fishery Bulletin,1973,Thayer et al. | Fishery Bulletin | 1973,Pyramidella fusca,Mollusca,Gastropoda,Pyramidellida,Pyramidellidae,Pyramidella,fusca,Mollusca (non-cephalopods),1.1765,2.14,Broad group,Mollusca (non-cephalopods),0.9635,81.8954526137,2
Thayer et al.,Fishery Bulletin,1973,Thayer et al. | Fishery Bulletin | 1973,Symphurus plagiusa,Chordata,Teleostei,Pleuronectiformes,Cynoglossidae,Symphurus,plagiusa,Teleostei,4.435,5.62,Broad group,Teleostei,1.185,26.7192784667,2
Thayer et al.,Fishery Bulletin,1973,Thayer et al. | Fishery Bulletin | 1973,Tagelus divisus,Mollusca,Bivalvia,Sphaeriida,Solecurtidae,Tagelus,divisus,Mollusca (non-cephalopods),2.27,2.14,Broad group,Mollusca (non-cephalopods),0.13,5.7268722467,1
Thayer et al.,Fishery Bulletin,1973,Thayer et al. | Fishery Bulletin | 1973,Tagelus plebeius,Mollusca,Bivalvia,Sphaeriida,Solecurtidae,Tagelus,plebeius,Mollusca (non-cephalopods),3.78,2.14,Broad group,Mollusca (non-cephalopods),1.64,43.3862433862,1
Thayer et al.,Fishery Bulletin,1973,Thayer et al. | Fishery Bulletin | 1973,Teredo navalis,Mollusca,Bivalvia,Myida,Teredinidae,Teredo,navalis,Mollusca (non-cephalopods),4.7,2.14,Broad group,Mollusca (non-cephalopods),2.56,54.4680851064,2
Thayer et al.,Fishery Bulletin,1973,Thayer et al. | Fishery Bulletin | 1973,Upogebia affinis,Arthropoda,Malacostraca,Decapoda,Upogebiidae,Upogebia,affinis,Crustacea,5.13,3.9,Broad group,Crustacea,1.23,23.9766081871,1
Thayer et al.,Fishery Bulletin,1973,Thayer et al. | Fishery Bulletin | 1973,Urosalpinx cinerea,Mollusca,Gastropoda,Neogastropoda,Muricidae,Urosalpinx,cinerea,Mollusca (non-cephalopods),0.841,2.14,Broad group,Mollusca (non-cephalopods),1.299,154.4589774078,1
Thayer et al.,Fishery Bulletin,1973,Thayer et al. | Fishery Bulletin | 1973,Zaops ostreum,Arthropoda,Malacostraca,Decapoda,Pinnotheridae,Zaops,ostreum,Crustacea,4.67,3.9,Broad group,Crustacea,0.77,16.4882226981,1
Tierney et al.,Antarctic Science,2002,Tierney et al. | Antarctic Science | 2002,Antimora rostrata,Chordata,Teleostei,Gadiformes,Moridae,Antimora,rostrata,Teleostei,4.33,5.62,Broad group,Teleostei,1.29,29.792147806,1
Tierney et al.,Antarctic Science,2002,Tierney et al. | Antarctic Science | 2002,Bathylagus antarcticus,Chordata,Teleostei,Osmeriformes,Bathylagidae,Bathylagus,antarcticus,Teleostei,3.91,5.62,Broad group,Teleostei,1.71,43.7340153453,1
Tierney et al.,Antarctic Science,2002,Tierney et al. | Antarctic Science | 2002,Electrona antarctica,Chordata,Teleostei,Myctophiformes,Myctophidae,Electrona,antarctica,Teleostei,9.26,7.0,Family,Myctophidae,2.26,24.4060475162,1
Tierney et al.,Antarctic Science,2002,Tierney et al. | Antarctic Science | 2002,Electrona carlsbergi,Chordata,Teleostei,Myctophiformes,Myctophidae,Electrona,carlsbergi,Teleostei,5.05,7.0,Family,Myctophidae,1.95,38.6138613861,1
Tierney et al.,Antarctic Science,2002,Tierney et al. | Antarctic Science | 2002,Electrona subaspera,Chordata,Teleostei,Myctophiformes,Myctophidae,Electrona,subaspera,Teleostei,7.41,7.0,Family,Myctophidae,0.41,5.5330634278,1
Tierney et al.,Antarctic Science,2002,Tierney et al. | Antarctic Science | 2002,Gymnoscopelus braueri,Chordata,Teleostei,Myctophiformes,Myctophidae,Gymnoscopelus,braueri,Teleostei,11.7,7.0,Family,Myctophidae,4.7,40.1709401709,1
Tierney et al.,Antarctic Science,2002,Tierney et al. | Antarctic Science | 2002,Gymnoscopelus fraseri,Chordata,Teleostei,Myctophiformes,Myctophidae,Gymnoscopelus,fraseri,Teleostei,7.89,7.0,Family,Myctophidae,0.89,11.2801013942,1
Tierney et al.,Antarctic Science,2002,Tierney et al. | Antarctic Science | 2002,Gymnoscopelus microlampas,Chordata,Teleostei,Myctophiformes,Myctophidae,Gymnoscopelus,microlampas,Teleostei,5.72,7.0,Family,Myctophidae,1.28,22.3776223776,1
Tierney et al.,Antarctic Science,2002,Tierney et al. | Antarctic Science | 2002,Krefftichthys anderssoni,Chordata,Teleostei,Myctophiformes,Myctophidae,Krefftichthys,anderssoni,Teleostei,8.32,7.0,Family,Myctophidae,1.32,15.8653846154,1
Tierney et al.,Antarctic Science,2002,Tierney et al. | Antarctic Science | 2002,Lampanyctus achirus,Chordata,Teleostei,Myctophiformes,Myctophidae,Lampanyctus,achirus,Teleostei,6.12,4.1,Genus,Lampanyctus,2.02,33.0065359477,1
Tierney et al.,Antarctic Science,2002,Tierney et al. | Antarctic Science | 2002,Protomyctophum andriashevi,Chordata,Teleostei,Myctophiformes,Myctophidae,Protomyctophum,andriashevi,Teleostei,9.54,7.0,Family,Myctophidae,2.54,26.6247379455,1
Tierney et al.,Antarctic Science,2002,Tierney et al. | Antarctic Science | 2002,Protomyctophum bolini,Chordata,Teleostei,Myctophiformes,Myctophidae,Protomyctophum,bolini,Teleostei,7.42,7.0,Family,Myctophidae,0.42,5.6603773585,1
Tierney et al.,Antarctic Science,2002,Tierney et al. | Antarctic Science | 2002,Protomyctophum parallelum,Chordata,Teleostei,Myctophiformes,Myctophidae,Protomyctophum,parallelum,Teleostei,8.23,7.0,Family,Myctophidae,1.23,14.9453219927,1
Tierney et al.,Antarctic Science,2002,Tierney et al. | Antarctic Science | 2002,Protomyctophum tenisoni,Chordata,Teleostei,Myctophiformes,Myctophidae,Protomyctophum,tenisoni,Teleostei,5.5,7.0,Family,Myctophidae,1.5,27.2727272727,1
Tierney et al.,Antarctic Science,2002,Tierney et al. | Antarctic Science | 2002,Stomias gracilis,Chordata,Teleostei,Stomiiformes,Stomiidae,Stomias,gracilis,Teleostei,5.15,2.8,Genus,Stomias,2.35,45.6310679612,1
Trudel et al.,North American Journal of Fisheries Management,2005,Trudel et al. | North American Journal of Fisheries Management | 2005,Oncorhynchus kisutch,Chordata,Teleostei,Salmoniformes,Salmonidae,Oncorhynchus,kisutch,Teleostei,4.98,5.62,Broad group,Teleostei,0.64,12.8514056225,1
Trudel et al.,North American Journal of Fisheries Management,2005,Trudel et al. | North American Journal of Fisheries Management | 2005,Oncorhynchus nerka,Chordata,Teleostei,Salmoniformes,Salmonidae,Oncorhynchus,nerka,Teleostei,5.08,5.62,Broad group,Teleostei,0.54,10.6299212598,1
Trudel et al.,North American Journal of Fisheries Management,2005,Trudel et al. | North American Journal of Fisheries Management | 2005,Oncorhynchus tshawytscha,Chordata,Teleostei,Salmoniformes,Salmonidae,Oncorhynchus,tshawytscha,Teleostei,4.63,5.62,Broad group,Teleostei,0.99,21.3822894168,1
Tyler,Marine Biology,1973,Tyler | Marine Biology | 1973,Antalis entale,Mollusca,Scaphopoda,Dentaliida,Dentaliidae,Antalis,entale,Mollusca (non-cephalopods),0.925,2.14,Broad group,Mollusca (non-cephalopods),1.215,131.3513513514,1
Tyler,Marine Biology,1973,Tyler | Marine Biology | 1973,Arctica islandica,Mollusca,Bivalvia,Venerida,Arcticidae,Arctica,islandica,Mollusca (non-cephalopods),0.849,2.14,Broad group,Mollusca (non-cephalopods),1.291,152.0612485277,1
Tyler,Marine Biology,1973,Tyler | Marine Biology | 1973,Astarte undata,Mollusca,Bivalvia,Carditida,Astartidae,Astarte,undata,Mollusca (non-cephalopods),0.439,2.14,Broad group,Mollusca (non-cephalopods),1.701,387.4715261959,1
Tyler,Marine Biology,1973,Tyler | Marine Biology | 1973,Colus stimpsoni,Mollusca,Gastropoda,Neogastropoda,Buccinidae,Colus,stimpsoni,Mollusca (non-cephalopods),1.97,2.14,Broad group,Mollusca (non-cephalopods),0.17,8.6294416244,1
Tyler,Marine Biology,1973,Tyler | Marine Biology | 1973,Crangon septemspinosa,Arthropoda,Malacostraca,Decapoda,Crangonidae,Crangon,septemspinosa,Crustacea,4.375,3.9,Broad group,Crustacea,0.475,10.8571428571,2
Tyler,Marine Biology,1973,Tyler | Marine Biology | 1973,Hyas araneus,Arthropoda,Malacostraca,Decapoda,Oregoniidae,Hyas,araneus,Crustacea,2.68,3.9,Broad group,Crustacea,1.22,45.5223880597,1
Tyler,Marine Biology,1973,Tyler | Marine Biology | 1973,Leptocheirus pinguis,Arthropoda,Malacostraca,Amphipoda,Aoridae,Leptocheirus,pinguis,Crustacea,1.95,3.9,Broad group,Crustacea,1.95,100.0,1
Tyler,Marine Biology,1973,Tyler | Marine Biology | 1973,Lumbrineris fragilis,Annelida,Polychaeta,Eunicida,Lumbrineridae,Lumbrineris,fragilis,Annelida,3.82,1.28,Broad group,Annelida,2.54,66.4921465969,1
Tyler,Marine Biology,1973,Tyler | Marine Biology | 1973,Mysis stenolepis,Arthropoda,Malacostraca,Mysida,Mysidae,Mysis,stenolepis,Crustacea,4.14,2.2,Family,Mysidae,1.94,46.8599033816,1
Tyler,Marine Biology,1973,Tyler | Marine Biology | 1973,Nephtys incisa,Annelida,Polychaeta,Phyllodocida,Nephtyidae,Nephtys,incisa,Annelida,3.17,1.06,Family,Nephtyidae,2.11,66.5615141956,1
Tyler,Marine Biology,1973,Tyler | Marine Biology | 1973,Pandalus montagui,Arthropoda,Malacostraca,Decapoda,Pandalidae,Pandalus,montagui,Crustacea,5.4,3.9,Broad group,Crustacea,1.5,27.7777777778,1
Tyler,Marine Biology,1973,Tyler | Marine Biology | 1973,Praxillella praetermissa,Annelida,Polychaeta,,Maldanidae,Praxillella,praetermissa,Annelida,2.08,1.28,Broad group,Annelida,0.8,38.4615384615,1
Tyler,Marine Biology,1973,Tyler | Marine Biology | 1973,Unciola leucopis,Arthropoda,Malacostraca,Amphipoda,Aoridae,Unciola,leucopis,Crustacea,1.79,3.9,Broad group,Crustacea,2.11,117.8770949721,1
Tyler,Marine Biology,1973,Tyler | Marine Biology | 1973,Venericardia borealis,Mollusca,Bivalvia,Carditida,Carditidae,Venericardia,borealis,Mollusca (non-cephalopods),0.473,2.14,Broad group,Mollusca (non-cephalopods),1.667,352.4312896406,1
Van Pelt et al.,Comparative Biochemistry and Physiology,1997,Van Pelt et al. | Comparative Biochemistry and Physiology | 1997,Anoplopoma fimbria,Chordata,Teleostei,Scorpaeniformes,Anoplopomatidae,Anoplopoma,fimbria,Teleostei,2.555,5.62,Broad group,Teleostei,3.065,119.9608610568,2
Van Pelt et al.,Comparative Biochemistry and Physiology,1997,Van Pelt et al. | Comparative Biochemistry and Physiology | 1997,Gadus chalcogrammus,Chordata,Teleostei,Gadiformes,Gadidae,Gadus,chalcogrammus,Teleostei,2.64,4.7,Family,Gadidae,2.06,78.0303030303,2
Van Pelt et al.,Comparative Biochemistry and Physiology,1997,Van Pelt et al. | Comparative Biochemistry and Physiology | 1997,Gadus macrocephalus,Chordata,Teleostei,Gadiformes,Gadidae,Gadus,macrocephalus,Teleostei,2.83,4.7,Family,Gadidae,1.87,66.0777385159,2
Van Pelt et al.,Comparative Biochemistry and Physiology,1997,Van Pelt et al. | Comparative Biochemistry and Physiology | 1997,Trichodon trichodon,Chordata,Teleostei,Perciformes,Trichodontidae,Trichodon,trichodon,Teleostei,3.255,5.62,Broad group,Teleostei,2.365,72.6574500768,2
Van Pelt et al.,Comparative Biochemistry and Physiology,1997,Van Pelt et al. | Comparative Biochemistry and Physiology | 1997,Zaprora silenus,Chordata,Teleostei,Perciformes,Zaproridae,Zaprora,silenus,Teleostei,2.37,5.62,Broad group,Teleostei,3.25,137.1308016878,1
Vollenweider,Thesis--University of Alaska Fairbanks,2005,Vollenweider | Thesis--University of Alaska Fairbanks | 2005,Gadus chalcogrammus,Chordata,Teleostei,Gadiformes,Gadidae,Gadus,chalcogrammus,Teleostei,4.14,4.7,Family,Gadidae,0.56,13.5265700483,1
Vollenweider,Thesis--University of Alaska Fairbanks,2005,Vollenweider | Thesis--University of Alaska Fairbanks | 2005,Merluccius productus,Chordata,Teleostei,Gadiformes,Merlucciidae,Merluccius,productus,Teleostei,4.96,3.99,Genus,Merluccius,0.97,19.5564516129,1
Wacasey and Atkinson,Marine Ecology Progress Series,1987,Wacasey and Atkinson | Marine Ecology Progress Series | 1987,Alcyonidium gelatinosum,Bryozoa,Gymnolaemata,Ctenostomatida,Alcyonidiidae,Alcyonidium,gelatinosum,Other invertebrates,3.89,3.0,Broad group,Other invertebrates,0.89,22.8791773779,1
Wacasey and Atkinson,Marine Ecology Progress Series,1987,Wacasey and Atkinson | Marine Ecology Progress Series | 1987,Anaitides groenlandica,Annelida,Polychaeta,Phyllodocida,Phyllodocidae,Anaitides,groenlandica,Annelida,4.76,0.96,Family,Phyllodocidae,3.8,79.8319327731,1
Wacasey and Atkinson,Marine Ecology Progress Series,1987,Wacasey and Atkinson | Marine Ecology Progress Series | 1987,Anonyx nugax,Arthropoda,Malacostraca,Amphipoda,Uristidae,Anonyx,nugax,Crustacea,5.62,3.9,Broad group,Crustacea,1.72,30.6049822064,1
Wacasey and Atkinson,Marine Ecology Progress Series,1987,Wacasey and Atkinson | Marine Ecology Progress Series | 1987,Arcturus baffini,Arthropoda,Malacostraca,Isopoda,Arctuidae,Arcturus,baffini,Crustacea,5.24,3.9,Broad group,Crustacea,1.34,25.572519084,1
Wacasey and Atkinson,Marine Ecology Progress Series,1987,Wacasey and Atkinson | Marine Ecology Progress Series | 1987,Argis dentata,Arthropoda,Malacostraca,Decapoda,Crangonidae,Argis,dentata,Crustacea,4.18,3.9,Broad group,Crustacea,0.28,6.6985645933,1
Wacasey and Atkinson,Marine Ecology Progress Series,1987,Wacasey and Atkinson | Marine Ecology Progress Series | 1987,Ascidia callosa,Chordata,Ascidiacea,Phlebobranchia,Ascidiidae,Ascidia,callosa,Other invertebrates,4.25,3.0,Broad group,Other invertebrates,1.25,29.4117647059,1
Wacasey and Atkinson,Marine Ecology Progress Series,1987,Wacasey and Atkinson | Marine Ecology Progress Series | 1987,Astarte borealis,Mollusca,Bivalvia,Carditida,Astartidae,Astarte,borealis,Mollusca (non-cephalopods),3.08,2.14,Broad group,Mollusca (non-cephalopods),0.94,30.5194805195,1
Wacasey and Atkinson,Marine Ecology Progress Series,1987,Wacasey and Atkinson | Marine Ecology Progress Series | 1987,Astarte montagui,Mollusca,Bivalvia,Carditida,Astartidae,Astarte,montagui,Mollusca (non-cephalopods),3.71,2.14,Broad group,Mollusca (non-cephalopods),1.57,42.3180592992,1
Wacasey and Atkinson,Marine Ecology Progress Series,1987,Wacasey and Atkinson | Marine Ecology Progress Series | 1987,Axionice flexuosa,Annelida,Polychaeta,Terebellida,Terebellidae,Axionice,flexuosa,Annelida,5.86,1.28,Broad group,Annelida,4.58,78.156996587,1
Wacasey and Atkinson,Marine Ecology Progress Series,1987,Wacasey and Atkinson | Marine Ecology Progress Series | 1987,Balanus balanoides,Arthropoda,Maxillopoda,Sessilia,Balanidae,Balanus,balanoides,Crustacea,3.87,3.9,Broad group,Crustacea,0.03,0.7751937984,1
Wacasey and Atkinson,Marine Ecology Progress Series,1987,Wacasey and Atkinson | Marine Ecology Progress Series | 1987,Balanus balanus,Arthropoda,Maxillopoda,Sessilia,Balanidae,Balanus,balanus,Crustacea,4.73,3.9,Broad group,Crustacea,0.83,17.5475687104,1
Wacasey and Atkinson,Marine Ecology Progress Series,1987,Wacasey and Atkinson | Marine Ecology Progress Series | 1987,Balanus crenatus,Arthropoda,Maxillopoda,Sessilia,Balanidae,Balanus,crenatus,Crustacea,5.0,3.9,Broad group,Crustacea,1.1,22.0,1
Wacasey and Atkinson,Marine Ecology Progress Series,1987,Wacasey and Atkinson | Marine Ecology Progress Series | 1987,Boltenia echinata,Chordata,Ascidiacea,Pleurogona,Pyuridae,Boltenia,echinata,Other invertebrates,2.15,3.0,Broad group,Other invertebrates,0.85,39.5348837209,1
Wacasey and Atkinson,Marine Ecology Progress Series,1987,Wacasey and Atkinson | Marine Ecology Progress Series | 1987,Boltenia ovifera,Chordata,Ascidiacea,Pleurogona,Pyuridae,Boltenia,ovifera,Other invertebrates,5.25,3.0,Broad group,Other invertebrates,2.25,42.8571428571,1
Wacasey and Atkinson,Marine Ecology Progress Series,1987,Wacasey and Atkinson | Marine Ecology Progress Series | 1987,Branchiomma infarcata,Annelida,Polychaeta,Sabellida,Sabellidae,Branchiomma,infarcata,Annelida,3.63,1.28,Broad group,Annelida,2.35,64.738292011,1
Wacasey and Atkinson,Marine Ecology Progress Series,1987,Wacasey and Atkinson | Marine Ecology Progress Series | 1987,Buccinum angulosum,Mollusca,Gastropoda,Neogastropoda,Buccinidae,Buccinum,angulosum,Mollusca (non-cephalopods),2.36,2.14,Broad group,Mollusca (non-cephalopods),0.22,9.3220338983,1
Wacasey and Atkinson,Marine Ecology Progress Series,1987,Wacasey and Atkinson | Marine Ecology Progress Series | 1987,Buccinum hydrophanum,Mollusca,Gastropoda,Neogastropoda,Buccinidae,Buccinum,hydrophanum,Mollusca (non-cephalopods),2.18,2.14,Broad group,Mollusca (non-cephalopods),0.04,1.8348623853,1
Wacasey and Atkinson,Marine Ecology Progress Series,1987,Wacasey and Atkinson | Marine Ecology Progress Series | 1987,Buccinum scalariforme,Mollusca,Gastropoda,Neogastropoda,Buccinidae,Buccinum,scalariforme,Mollusca (non-cephalopods),2.03,2.14,Broad group,Mollusca (non-cephalopods),0.11,5.4187192118,1
Wacasey and Atkinson,Marine Ecology Progress Series,1987,Wacasey and Atkinson | Marine Ecology Progress Series | 1987,Chiridota laevis,Echinodermata,Holothuroidea,Apodida,Chiridotidae,Chiridota,laevis,Other invertebrates,4.93,3.0,Broad group,Other invertebrates,1.93,39.1480730223,1
Wacasey and Atkinson,Marine Ecology Progress Series,1987,Wacasey and Atkinson | Marine Ecology Progress Series | 1987,Chlamys islandica,Mollusca,Bivalvia,Pectinida,Pectinidae,Chlamys,islandica,Mollusca (non-cephalopods),2.52,2.14,Broad group,Mollusca (non-cephalopods),0.38,15.0793650794,1
Wacasey and Atkinson,Marine Ecology Progress Series,1987,Wacasey and Atkinson | Marine Ecology Progress Series | 1987,Ciona intestinalis,Chordata,Ascidiacea,Enterogona,Cionidae,Ciona,intestinalis,Other invertebrates,3.05,3.0,Broad group,Other invertebrates,0.05,1.6393442623,1
Wacasey and Atkinson,Marine Ecology Progress Series,1987,Wacasey and Atkinson | Marine Ecology Progress Series | 1987,Colus holbolli,Mollusca,Gastropoda,Neogastropoda,Buccinidae,Colus,holbolli,Mollusca (non-cephalopods),3.65,2.14,Broad group,Mollusca (non-cephalopods),1.51,41.3698630137,1
Wacasey and Atkinson,Marine Ecology Progress Series,1987,Wacasey and Atkinson | Marine Ecology Progress Series | 1987,Colus islandicus,Mollusca,Gastropoda,Neogastropoda,Buccinidae,Colus,islandicus,Mollusca (non-cephalopods),2.3,2.14,Broad group,Mollusca (non-cephalopods),0.16,6.9565217391,1
Wacasey and Atkinson,Marine Ecology Progress Series,1987,Wacasey and Atkinson | Marine Ecology Progress Series | 1987,Colus pubescens,Mollusca,Gastropoda,Neogastropoda,Buccinidae,Colus,pubescens,Mollusca (non-cephalopods),2.69,2.14,Broad group,Mollusca (non-cephalopods),0.55,20.4460966543,1
Wacasey and Atkinson,Marine Ecology Progress Series,1987,Wacasey and Atkinson | Marine Ecology Progress Series | 1987,Crossaster papposus,Echinodermata,Asteroidea,Valvatida,Solasteridae,Crossaster,papposus,Other invertebrates,5.91,3.0,Broad group,Other invertebrates,2.91,49.2385786802,1
Wacasey and Atkinson,Marine Ecology Progress Series,1987,Wacasey and Atkinson | Marine Ecology Progress Series | 1987,Cucumaria frondosa,Echinodermata,Holothuroidea,Dendrochirotida,Cucumariidae,Cucumaria,frondosa,Other invertebrates,4.44,3.0,Broad group,Other invertebrates,1.44,32.4324324324,1
Wacasey and Atkinson,Marine Ecology Progress Series,1987,Wacasey and Atkinson | Marine Ecology Progress Series | 1987,Cylichna alba,Mollusca,Gastropoda,Cephalaspidea,Cylichnidae,Cylichna,alba,Mollusca (non-cephalopods),3.54,2.14,Broad group,Mollusca (non-cephalopods),1.4,39.5480225989,1
Wacasey and Atkinson,Marine Ecology Progress Series,1987,Wacasey and Atkinson | Marine Ecology Progress Series | 1987,Delectopecten greenlandicus,Mollusca,Bivalvia,Pectinida,Pectinidae,Delectopecten,greenlandicus,Mollusca (non-cephalopods),5.76,2.14,Broad group,Mollusca (non-cephalopods),3.62,62.8472222222,1
Wacasey and Atkinson,Marine Ecology Progress Series,1987,Wacasey and Atkinson | Marine Ecology Progress Series | 1987,Dendrodoa aggregata,Chordata,Ascidiacea,Pleurogona,Styelidae,Dendrodoa,aggregata,Other invertebrates,5.25,3.0,Broad group,Other invertebrates,2.25,42.8571428571,1
Wacasey and Atkinson,Marine Ecology Progress Series,1987,Wacasey and Atkinson | Marine Ecology Progress Series | 1987,Dendronotus robustus,Mollusca,Gastropoda,Nudibranchia,Dendronotidae,Dendronotus,robustus,Mollusca (non-cephalopods),4.85,2.14,Broad group,Mollusca (non-cephalopods),2.71,55.8762886598,1
Wacasey and Atkinson,Marine Ecology Progress Series,1987,Wacasey and Atkinson | Marine Ecology Progress Series | 1987,Diastylis goodsiri,Arthropoda,Malacostraca,Cumacea,Diastylidae,Diastylis,goodsiri,Crustacea,4.69,3.9,Broad group,Crustacea,0.79,16.8443496802,1
Wacasey and Atkinson,Marine Ecology Progress Series,1987,Wacasey and Atkinson | Marine Ecology Progress Series | 1987,Enipo gracilis,Annelida,Polychaeta,Phyllodocida,Polynoidae,Enipo,gracilis,Annelida,4.85,1.28,Broad group,Annelida,3.57,73.6082474227,1
Wacasey and Atkinson,Marine Ecology Progress Series,1987,Wacasey and Atkinson | Marine Ecology Progress Series | 1987,Ennucula tenuis,Mollusca,Bivalvia,Nuculida,Nuculidae,Ennucula,tenuis,Mollusca (non-cephalopods),3.79,2.14,Broad group,Mollusca (non-cephalopods),1.65,43.5356200528,1
Wacasey and Atkinson,Marine Ecology Progress Series,1987,Wacasey and Atkinson | Marine Ecology Progress Series | 1987,Eualus gaimardii,Arthropoda,Malacostraca,Decapoda,Thoridae,Eualus,gaimardii,Crustacea,5.21,3.9,Broad group,Crustacea,1.31,25.1439539347,1
Wacasey and Atkinson,Marine Ecology Progress Series,1987,Wacasey and Atkinson | Marine Ecology Progress Series | 1987,Gammarus setosus,Arthropoda,Malacostraca,Amphipoda,Gammaridae,Gammarus,setosus,Crustacea,5.26,3.9,Broad group,Crustacea,1.36,25.855513308,1
Wacasey and Atkinson,Marine Ecology Progress Series,1987,Wacasey and Atkinson | Marine Ecology Progress Series | 1987,Golfingia margaritacea,Sipuncula,Sipunculidea,Golfingiiformes,Golfingiidae,Golfingia,margaritacea,Other invertebrates,5.47,3.0,Broad group,Other invertebrates,2.47,45.155393053,1
Wacasey and Atkinson,Marine Ecology Progress Series,1987,Wacasey and Atkinson | Marine Ecology Progress Series | 1987,Halcampa arctica,Cnidaria,Anthozoa,Actiniaria,Halcampidae,Halcampa,arctica,Cnidaria,3.69,0.7,Broad group,Cnidaria,2.99,81.0298102981,1
Wacasey and Atkinson,Marine Ecology Progress Series,1987,Wacasey and Atkinson | Marine Ecology Progress Series | 1987,Haliclona gracilis,Porifera,Demospongiae,Haplosclerida,Chalinidae,Haliclona,gracilis,Other invertebrates,4.35,3.0,Broad group,Other invertebrates,1.35,31.0344827586,1
Wacasey and Atkinson,Marine Ecology Progress Series,1987,Wacasey and Atkinson | Marine Ecology Progress Series | 1987,Harmothoe nodosa,Annelida,Polychaeta,Phyllodocida,Polynoidae,Harmothoe,nodosa,Annelida,4.49,1.28,Broad group,Annelida,3.21,71.4922048998,1
Wacasey and Atkinson,Marine Ecology Progress Series,1987,Wacasey and Atkinson | Marine Ecology Progress Series | 1987,Harmothoe oerstedi,Annelida,Polychaeta,Phyllodocida,Polynoidae,Harmothoe,oerstedi,Annelida,3.57,1.28,Broad group,Annelida,2.29,64.1456582633,1
Wacasey and Atkinson,Marine Ecology Progress Series,1987,Wacasey and Atkinson | Marine Ecology Progress Series | 1987,Heliometra glacialis,Echinodermata,Crinoidea,Comatulida,Antedonidae,Heliometra,glacialis,Other invertebrates,3.84,3.0,Broad group,Other invertebrates,0.84,21.875,1
Wacasey and Atkinson,Marine Ecology Progress Series,1987,Wacasey and Atkinson | Marine Ecology Progress Series | 1987,Hemithiris psittacea,Brachiopoda,Rhynchonellata,Rhynchonellida,Hemithyrididae,Hemithiris,psittacea,Other invertebrates,5.35,3.0,Broad group,Other invertebrates,2.35,43.9252336449,1
Wacasey and Atkinson,Marine Ecology Progress Series,1987,Wacasey and Atkinson | Marine Ecology Progress Series | 1987,Henricia eschrichti,Echinodermata,Asteroidea,Spinulosida,Echinasteridae,Henricia,eschrichti,Other invertebrates,5.39,3.0,Broad group,Other invertebrates,2.39,44.3413729128,1
Wacasey and Atkinson,Marine Ecology Progress Series,1987,Wacasey and Atkinson | Marine Ecology Progress Series | 1987,Henricia perforata,Echinodermata,Asteroidea,Spinulosida,Echinasteridae,Henricia,perforata,Other invertebrates,5.26,3.0,Broad group,Other invertebrates,2.26,42.9657794677,1
Wacasey and Atkinson,Marine Ecology Progress Series,1987,Wacasey and Atkinson | Marine Ecology Progress Series | 1987,Hiatella arctica,Mollusca,Bivalvia,Solenida,Hiatellidae,Hiatella,arctica,Mollusca (non-cephalopods),4.15,2.14,Broad group,Mollusca (non-cephalopods),2.01,48.4337349398,1
Wacasey and Atkinson,Marine Ecology Progress Series,1987,Wacasey and Atkinson | Marine Ecology Progress Series | 1987,Kuekenthalis borealis,Chordata,Ascidiacea,Pleurogona,Styelidae,Kuekenthalis,borealis,Other invertebrates,4.43,3.0,Broad group,Other invertebrates,1.43,32.2799097065,1
Wacasey and Atkinson,Marine Ecology Progress Series,1987,Wacasey and Atkinson | Marine Ecology Progress Series | 1987,Lebbeus groenlandicus,Arthropoda,Malacostraca,Decapoda,Thoridae,Lebbeus,groenlandicus,Crustacea,5.0,3.9,Broad group,Crustacea,1.1,22.0,1
Wacasey and Atkinson,Marine Ecology Progress Series,1987,Wacasey and Atkinson | Marine Ecology Progress Series | 1987,Lepeta caeca,Mollusca,Gastropoda,Nacellida,Lepetidae,Lepeta,caeca,Mollusca (non-cephalopods),5.04,2.14,Broad group,Mollusca (non-cephalopods),2.9,57.5396825397,1
Wacasey and Atkinson,Marine Ecology Progress Series,1987,Wacasey and Atkinson | Marine Ecology Progress Series | 1987,Leptasterias polaris,Echinodermata,Asteroidea,Forcipulatida,Asteriidae,Leptasterias,polaris,Other invertebrates,5.53,3.0,Broad group,Other invertebrates,2.53,45.7504520796,1
Wacasey and Atkinson,Marine Ecology Progress Series,1987,Wacasey and Atkinson | Marine Ecology Progress Series | 1987,Lissodendoryx indistincta,Porifera,Demospongiae,Poecilosclerida,Coelosphaeridae,Lissodendoryx,indistincta,Other invertebrates,4.4,3.0,Broad group,Other invertebrates,1.4,31.8181818182,1
Wacasey and Atkinson,Marine Ecology Progress Series,1987,Wacasey and Atkinson | Marine Ecology Progress Series | 1987,Littorina saxatilis,Mollusca,Gastropoda,Littorinida,Littorinidae,Littorina,saxatilis,Mollusca (non-cephalopods),3.95,2.14,Broad group,Mollusca (non-cephalopods),1.81,45.8227848101,1
Wacasey and Atkinson,Marine Ecology Progress Series,1987,Wacasey and Atkinson | Marine Ecology Progress Series | 1987,Lumbrineris fragilis,Annelida,Polychaeta,Eunicida,Lumbrineridae,Lumbrineris,fragilis,Annelida,2.44,1.28,Broad group,Annelida,1.16,47.5409836066,1
Wacasey and Atkinson,Marine Ecology Progress Series,1987,Wacasey and Atkinson | Marine Ecology Progress Series | 1987,Lunatia pallida,Mollusca,Gastropoda,Littorinida,Naticidae,Euspira,pallida,Mollusca (non-cephalopods),2.8,2.14,Broad group,Mollusca (non-cephalopods),0.66,23.5714285714,1
Wacasey and Atkinson,Marine Ecology Progress Series,1987,Wacasey and Atkinson | Marine Ecology Progress Series | 1987,Macoma calcarea,Mollusca,Bivalvia,Sphaeriida,Tellinidae,Macoma,calcarea,Mollusca (non-cephalopods),3.81,2.14,Broad group,Mollusca (non-cephalopods),1.67,43.8320209974,1
Wacasey and Atkinson,Marine Ecology Progress Series,1987,Wacasey and Atkinson | Marine Ecology Progress Series | 1987,Macoma moesta,Mollusca,Bivalvia,Sphaeriida,Tellinidae,Macoma,moesta,Mollusca (non-cephalopods),4.04,2.14,Broad group,Mollusca (non-cephalopods),1.9,47.0297029703,1
Wacasey and Atkinson,Marine Ecology Progress Series,1987,Wacasey and Atkinson | Marine Ecology Progress Series | 1987,Margarites costalis,Mollusca,Gastropoda,Trochida,Trochidae,Margarites,costalis,Mollusca (non-cephalopods),5.11,2.14,Broad group,Mollusca (non-cephalopods),2.97,58.1213307241,1
Wacasey and Atkinson,Marine Ecology Progress Series,1987,Wacasey and Atkinson | Marine Ecology Progress Series | 1987,Margarites groenlandicus,Mollusca,Gastropoda,Trochida,Trochidae,Margarites,groenlandicus,Mollusca (non-cephalopods),3.83,2.14,Broad group,Mollusca (non-cephalopods),1.69,44.1253263708,1
Wacasey and Atkinson,Marine Ecology Progress Series,1987,Wacasey and Atkinson | Marine Ecology Progress Series | 1987,Margarites helicinus,Mollusca,Gastropoda,Trochida,Trochidae,Margarites,helicinus,Mollusca (non-cephalopods),4.82,2.14,Broad group,Mollusca (non-cephalopods),2.68,55.601659751,1
Wacasey and Atkinson,Marine Ecology Progress Series,1987,Wacasey and Atkinson | Marine Ecology Progress Series | 1987,Margarites olivaceus,Mollusca,Gastropoda,Trochida,Trochidae,Margarites,olivaceus,Mollusca (non-cephalopods),5.6,2.14,Broad group,Mollusca (non-cephalopods),3.46,61.7857142857,1
Wacasey and Atkinson,Marine Ecology Progress Series,1987,Wacasey and Atkinson | Marine Ecology Progress Series | 1987,Margarites umbilicalis,Mollusca,Gastropoda,Trochida,Trochidae,Margarites,umbilicalis,Mollusca (non-cephalopods),2.94,2.14,Broad group,Mollusca (non-cephalopods),0.8,27.2108843537,1
Wacasey and Atkinson,Marine Ecology Progress Series,1987,Wacasey and Atkinson | Marine Ecology Progress Series | 1987,Marsenina glabra,Mollusca,Gastropoda,Cypraeida,Velutinidae,Marsenina,glabra,Mollusca (non-cephalopods),2.16,2.14,Broad group,Mollusca (non-cephalopods),0.02,0.9259259259,1
Wacasey and Atkinson,Marine Ecology Progress Series,1987,Wacasey and Atkinson | Marine Ecology Progress Series | 1987,Musculus discors,Mollusca,Bivalvia,Mytilida,Mytilidae,Musculus,discors,Mollusca (non-cephalopods),3.5,2.14,Broad group,Mollusca (non-cephalopods),1.36,38.8571428571,1
Wacasey and Atkinson,Marine Ecology Progress Series,1987,Wacasey and Atkinson | Marine Ecology Progress Series | 1987,Musculus niger,Mollusca,Bivalvia,Mytilida,Mytilidae,Musculus,niger,Mollusca (non-cephalopods),3.19,2.14,Broad group,Mollusca (non-cephalopods),1.05,32.9153605016,1
Wacasey and Atkinson,Marine Ecology Progress Series,1987,Wacasey and Atkinson | Marine Ecology Progress Series | 1987,Mya truncata,Mollusca,Bivalvia,Myida,Myidae,Mya,truncata,Mollusca (non-cephalopods),4.95,2.14,Broad group,Mollusca (non-cephalopods),2.81,56.7676767677,1
Wacasey and Atkinson,Marine Ecology Progress Series,1987,Wacasey and Atkinson | Marine Ecology Progress Series | 1987,Mycale lingua,Porifera,Demospongiae,Poecilosclerida,Mycalidae,Mycale,lingua,Other invertebrates,4.44,3.0,Broad group,Other invertebrates,1.44,32.4324324324,1
Wacasey and Atkinson,Marine Ecology Progress Series,1987,Wacasey and Atkinson | Marine Ecology Progress Series | 1987,Myriochele heeri,Annelida,Polychaeta,Sabellida,Oweniidae,Myriochele,heeri,Annelida,4.51,1.28,Broad group,Annelida,3.23,71.6186252772,1
Wacasey and Atkinson,Marine Ecology Progress Series,1987,Wacasey and Atkinson | Marine Ecology Progress Series | 1987,Myriotrochus rinkii,Echinodermata,Holothuroidea,Apodida,Myriotrochidae,Myriotrochus,rinkii,Other invertebrates,3.78,3.0,Broad group,Other invertebrates,0.78,20.6349206349,1
Wacasey and Atkinson,Marine Ecology Progress Series,1987,Wacasey and Atkinson | Marine Ecology Progress Series | 1987,Mytilus edulis,Mollusca,Bivalvia,Mytilida,Mytilidae,Mytilus,edulis,Mollusca (non-cephalopods),2.78,2.14,Broad group,Mollusca (non-cephalopods),0.64,23.0215827338,1
Wacasey and Atkinson,Marine Ecology Progress Series,1987,Wacasey and Atkinson | Marine Ecology Progress Series | 1987,Natica clausa,Mollusca,Gastropoda,Littorinida,Naticidae,Natica,clausa,Mollusca (non-cephalopods),2.02,2.14,Broad group,Mollusca (non-cephalopods),0.12,5.9405940594,1
Wacasey and Atkinson,Marine Ecology Progress Series,1987,Wacasey and Atkinson | Marine Ecology Progress Series | 1987,Neoamphitrite groenlandica,Annelida,Polychaeta,Terebellida,Terebellidae,Neoamphitrite,groenlandica,Annelida,4.97,1.28,Broad group,Annelida,3.69,74.245472837,1
Wacasey and Atkinson,Marine Ecology Progress Series,1987,Wacasey and Atkinson | Marine Ecology Progress Series | 1987,Nephtys ciliata,Annelida,Polychaeta,Phyllodocida,Nephtyidae,Nephtys,ciliata,Annelida,4.51,1.06,Family,Nephtyidae,3.45,76.4966740576,1
Wacasey and Atkinson,Marine Ecology Progress Series,1987,Wacasey and Atkinson | Marine Ecology Progress Series | 1987,Nephtys paradoxa,Annelida,Polychaeta,Phyllodocida,Nephtyidae,Nephtys,paradoxa,Annelida,3.35,1.06,Family,Nephtyidae,2.29,68.3582089552,1
Wacasey and Atkinson,Marine Ecology Progress Series,1987,Wacasey and Atkinson | Marine Ecology Progress Series | 1987,Neptunea despecta,Mollusca,Gastropoda,Neogastropoda,Buccinidae,Neptunea,despecta,Mollusca (non-cephalopods),2.01,2.14,Broad group,Mollusca (non-cephalopods),0.13,6.4676616915,1
Wacasey and Atkinson,Marine Ecology Progress Series,1987,Wacasey and Atkinson | Marine Ecology Progress Series | 1987,Nicomache lumbricalis,Annelida,Polychaeta,,Maldanidae,Nicomache,lumbricalis,Annelida,4.97,1.28,Broad group,Annelida,3.69,74.245472837,1
Wacasey and Atkinson,Marine Ecology Progress Series,1987,Wacasey and Atkinson | Marine Ecology Progress Series | 1987,Nuculana minuta,Mollusca,Bivalvia,Nuculanida,Nuculanidae,Nuculana,minuta,Mollusca (non-cephalopods),4.68,2.14,Broad group,Mollusca (non-cephalopods),2.54,54.2735042735,1
Wacasey and Atkinson,Marine Ecology Progress Series,1987,Wacasey and Atkinson | Marine Ecology Progress Series | 1987,Nuculana pernula,Mollusca,Bivalvia,Nuculanida,Nuculanidae,Nuculana,pernula,Mollusca (non-cephalopods),4.49,2.14,Broad group,Mollusca (non-cephalopods),2.35,52.3385300668,1
Wacasey and Atkinson,Marine Ecology Progress Series,1987,Wacasey and Atkinson | Marine Ecology Progress Series | 1987,Nymphon hirtipes,Arthropoda,Pycnogonida,Pantopoda,Nymphonidae,Nymphon,hirtipes,Other invertebrates,5.42,3.0,Broad group,Other invertebrates,2.42,44.6494464945,1
Wacasey and Atkinson,Marine Ecology Progress Series,1987,Wacasey and Atkinson | Marine Ecology Progress Series | 1987,Onchidiopsis glacialis,Mollusca,Gastropoda,Cypraeida,Velutinidae,Onchidiopsis,glacialis,Mollusca (non-cephalopods),3.08,2.14,Broad group,Mollusca (non-cephalopods),0.94,30.5194805195,1
Wacasey and Atkinson,Marine Ecology Progress Series,1987,Wacasey and Atkinson | Marine Ecology Progress Series | 1987,Ophiacantha bidentata,Echinodermata,Ophiuroidea,Ophiurida,Ophiacanthidae,Ophiacantha,bidentata,Other invertebrates,4.33,3.0,Broad group,Other invertebrates,1.33,30.7159353349,1
Wacasey and Atkinson,Marine Ecology Progress Series,1987,Wacasey and Atkinson | Marine Ecology Progress Series | 1987,Ophiocten sericeum,Echinodermata,Ophiuroidea,Ophiurida,Ophiuridae,Ophiocten,sericeum,Other invertebrates,2.78,3.0,Broad group,Other invertebrates,0.22,7.9136690647,1
Wacasey and Atkinson,Marine Ecology Progress Series,1987,Wacasey and Atkinson | Marine Ecology Progress Series | 1987,Ophiopus arcticis,Echinodermata,Ophiuroidea,Ophiurida,Amphilepididae,Ophiopus,arcticis,Other invertebrates,3.0,3.0,Broad group,Other invertebrates,0.0,0.0,1
Wacasey and Atkinson,Marine Ecology Progress Series,1987,Wacasey and Atkinson | Marine Ecology Progress Series | 1987,Ophiura sarsi,Echinodermata,Ophiuroidea,Ophiurida,Ophiuridae,Ophiura,sarsi,Other invertebrates,3.11,3.0,Broad group,Other invertebrates,0.11,3.536977492,1
Wacasey and Atkinson,Marine Ecology Progress Series,1987,Wacasey and Atkinson | Marine Ecology Progress Series | 1987,Pagurus pubescens,Arthropoda,Malacostraca,Decapoda,Paguridae,Pagurus,pubescens,Crustacea,5.89,3.9,Broad group,Crustacea,1.99,33.7860780985,1
Wacasey and Atkinson,Marine Ecology Progress Series,1987,Wacasey and Atkinson | Marine Ecology Progress Series | 1987,Pandora glacialis,Mollusca,Bivalvia,Pandorida,Pandoridae,Pandora,glacialis,Mollusca (non-cephalopods),3.63,2.14,Broad group,Mollusca (non-cephalopods),1.49,41.0468319559,1
Wacasey and Atkinson,Marine Ecology Progress Series,1987,Wacasey and Atkinson | Marine Ecology Progress Series | 1987,Paramphithoe hystrix,Arthropoda,Malacostraca,Amphipoda,Epimeriidae,Paramphithoe,hystrix,Crustacea,5.68,3.9,Broad group,Crustacea,1.78,31.338028169,1
Wacasey and Atkinson,Marine Ecology Progress Series,1987,Wacasey and Atkinson | Marine Ecology Progress Series | 1987,Pelonaia corrugata,Chordata,Ascidiacea,Pleurogona,Styelidae,Pelonaia,corrugata,Other invertebrates,4.74,3.0,Broad group,Other invertebrates,1.74,36.7088607595,1
Wacasey and Atkinson,Marine Ecology Progress Series,1987,Wacasey and Atkinson | Marine Ecology Progress Series | 1987,Periploma abyssorum,Mollusca,Bivalvia,Thraciida,Periplomatidae,Periploma,abyssorum,Mollusca (non-cephalopods),5.52,2.14,Broad group,Mollusca (non-cephalopods),3.38,61.231884058,1
Wacasey and Atkinson,Marine Ecology Progress Series,1987,Wacasey and Atkinson | Marine Ecology Progress Series | 1987,Pherusa plumosa,Annelida,Polychaeta,Terebellida,Flabelligeridae,Pherusa,plumosa,Annelida,5.43,1.28,Broad group,Annelida,4.15,76.4272559853,1
Wacasey and Atkinson,Marine Ecology Progress Series,1987,Wacasey and Atkinson | Marine Ecology Progress Series | 1987,Piliscus commodus,Mollusca,Gastropoda,Cypraeida,Velutinidae,Piliscus,commodus,Mollusca (non-cephalopods),2.53,2.14,Broad group,Mollusca (non-cephalopods),0.39,15.4150197628,1
Wacasey and Atkinson,Marine Ecology Progress Series,1987,Wacasey and Atkinson | Marine Ecology Progress Series | 1987,Pista maculata,Annelida,Polychaeta,Terebellida,Terebellidae,Pista,maculata,Annelida,4.32,1.28,Broad group,Annelida,3.04,70.3703703704,1
Wacasey and Atkinson,Marine Ecology Progress Series,1987,Wacasey and Atkinson | Marine Ecology Progress Series | 1987,Polymastia mamillaris,Porifera,Demospongiae,Hadromerida,Polymastiidae,Polymastia,mamillaris,Other invertebrates,4.47,3.0,Broad group,Other invertebrates,1.47,32.8859060403,1
Wacasey and Atkinson,Marine Ecology Progress Series,1987,Wacasey and Atkinson | Marine Ecology Progress Series | 1987,Portlandia intermedia,Mollusca,Bivalvia,Nuculanida,Yoldiidae,Portlandia,intermedia,Mollusca (non-cephalopods),3.78,2.505,Family,Yoldiidae,1.275,33.7301587302,1
Wacasey and Atkinson,Marine Ecology Progress Series,1987,Wacasey and Atkinson | Marine Ecology Progress Series | 1987,Praxillella praetermissa,Annelida,Polychaeta,,Maldanidae,Praxillella,praetermissa,Annelida,4.15,1.28,Broad group,Annelida,2.87,69.156626506,1
Wacasey and Atkinson,Marine Ecology Progress Series,1987,Wacasey and Atkinson | Marine Ecology Progress Series | 1987,Psolus fabricii,Echinodermata,Holothuroidea,Dendrochirotida,Psolidae,Psolus,fabricii,Other invertebrates,5.52,3.0,Broad group,Other invertebrates,2.52,45.652173913,1
Wacasey and Atkinson,Marine Ecology Progress Series,1987,Wacasey and Atkinson | Marine Ecology Progress Series | 1987,Pteraster pulvillus,Echinodermata,Asteroidea,Velatida,Pterasteridae,Pteraster,pulvillus,Other invertebrates,5.19,3.0,Broad group,Other invertebrates,2.19,42.1965317919,1
Wacasey and Atkinson,Marine Ecology Progress Series,1987,Wacasey and Atkinson | Marine Ecology Progress Series | 1987,Rhizomolgula globularis,Chordata,Ascidiacea,Stolidobranchia,Molgulidae,Rhizomolgula,globularis,Other invertebrates,4.49,3.0,Broad group,Other invertebrates,1.49,33.1848552339,1
Wacasey and Atkinson,Marine Ecology Progress Series,1987,Wacasey and Atkinson | Marine Ecology Progress Series | 1987,Rossia palpebrosa,Mollusca,Cephalopoda,Sepiolida,Sepiolidae,Rossia,palpebrosa,Cephalopoda,2.68,4.8,Family,Sepiolidae,2.12,79.1044776119,1
Wacasey and Atkinson,Marine Ecology Progress Series,1987,Wacasey and Atkinson | Marine Ecology Progress Series | 1987,Sabella crassicornis,Annelida,Polychaeta,Sabellida,Sabellidae,Sabella,crassicornis,Annelida,3.41,1.28,Broad group,Annelida,2.13,62.4633431085,1
Wacasey and Atkinson,Marine Ecology Progress Series,1987,Wacasey and Atkinson | Marine Ecology Progress Series | 1987,Sabinea septemcarinata,Arthropoda,Malacostraca,Decapoda,Crangonidae,Sabinea,septemcarinata,Crustacea,3.73,3.9,Broad group,Crustacea,0.17,4.5576407507,1
Wacasey and Atkinson,Marine Ecology Progress Series,1987,Wacasey and Atkinson | Marine Ecology Progress Series | 1987,Saduria entomon,Arthropoda,Malacostraca,Isopoda,Chaetiliidae,Saduria,entomon,Crustacea,5.93,3.9,Broad group,Crustacea,2.03,34.2327150084,1
Wacasey and Atkinson,Marine Ecology Progress Series,1987,Wacasey and Atkinson | Marine Ecology Progress Series | 1987,Saduria sabini,Arthropoda,Malacostraca,Isopoda,Chaetiliidae,Saduria,sabini,Crustacea,5.98,3.9,Broad group,Crustacea,2.08,34.7826086957,1
Wacasey and Atkinson,Marine Ecology Progress Series,1987,Wacasey and Atkinson | Marine Ecology Progress Series | 1987,Scabrotrophon fabricii,Mollusca,Gastropoda,Neogastropoda,Muricidae,Scabrotrophon,fabricii,Mollusca (non-cephalopods),3.55,2.14,Broad group,Mollusca (non-cephalopods),1.41,39.7183098592,1
Wacasey and Atkinson,Marine Ecology Progress Series,1987,Wacasey and Atkinson | Marine Ecology Progress Series | 1987,Scalibregma inflatum,Annelida,Polychaeta,,Scalibregmatidae,Scalibregma,inflatum,Annelida,5.19,1.28,Broad group,Annelida,3.91,75.3371868979,1
Wacasey and Atkinson,Marine Ecology Progress Series,1987,Wacasey and Atkinson | Marine Ecology Progress Series | 1987,Sclerocrangon boreas,Arthropoda,Malacostraca,Decapoda,Crangonidae,Sclerocrangon,boreas,Crustacea,4.38,3.9,Broad group,Crustacea,0.48,10.9589041096,1
Wacasey and Atkinson,Marine Ecology Progress Series,1987,Wacasey and Atkinson | Marine Ecology Progress Series | 1987,Serripes groenlandicus,Mollusca,Bivalvia,Cardiida,Cardiidae,Serripes,groenlandicus,Mollusca (non-cephalopods),3.56,1.57,Family,Cardiidae,1.99,55.8988764045,1
Wacasey and Atkinson,Marine Ecology Progress Series,1987,Wacasey and Atkinson | Marine Ecology Progress Series | 1987,Solaster syrtensis,Echinodermata,Asteroidea,Valvatida,Solasteridae,Solaster,syrtensis,Other invertebrates,5.32,3.0,Broad group,Other invertebrates,2.32,43.6090225564,1
Wacasey and Atkinson,Marine Ecology Progress Series,1987,Wacasey and Atkinson | Marine Ecology Progress Series | 1987,Spirontocaris spinus,Arthropoda,Malacostraca,Decapoda,Thoridae,Spirontocaris,spinus,Crustacea,5.02,3.9,Broad group,Crustacea,1.12,22.3107569721,1
Wacasey and Atkinson,Marine Ecology Progress Series,1987,Wacasey and Atkinson | Marine Ecology Progress Series | 1987,Stegocephalus inflatus,Arthropoda,Malacostraca,Amphipoda,Stegocephalidae,Stegocephalus,inflatus,Crustacea,6.02,3.9,Broad group,Crustacea,2.12,35.2159468439,1
Wacasey and Atkinson,Marine Ecology Progress Series,1987,Wacasey and Atkinson | Marine Ecology Progress Series | 1987,Strongylocentrotus droebachiensis,Echinodermata,Echinoidea,Echinoida,Strongylocentrotidae,Strongylocentrotus,droebachiensis,Other invertebrates,5.99,3.0,Broad group,Other invertebrates,2.99,49.9165275459,1
Wacasey and Atkinson,Marine Ecology Progress Series,1987,Wacasey and Atkinson | Marine Ecology Progress Series | 1987,Styela rustica,Chordata,Ascidiacea,Pleurogona,Styelidae,Styela,rustica,Other invertebrates,3.95,3.0,Broad group,Other invertebrates,0.95,24.0506329114,1
Wacasey and Atkinson,Marine Ecology Progress Series,1987,Wacasey and Atkinson | Marine Ecology Progress Series | 1987,Tachyrhynchus reticulatus,Mollusca,Gastropoda,Cerithiida,Turritellidae,Tachyrhynchus,reticulatus,Mollusca (non-cephalopods),5.88,2.14,Broad group,Mollusca (non-cephalopods),3.74,63.6054421769,1
Wacasey and Atkinson,Marine Ecology Progress Series,1987,Wacasey and Atkinson | Marine Ecology Progress Series | 1987,Tetilla sibirica,Porifera,Demospongiae,Spirophorida,Tetillidae,Tetilla,sibirica,Other invertebrates,3.45,3.0,Broad group,Other invertebrates,0.45,13.0434782609,1
Wacasey and Atkinson,Marine Ecology Progress Series,1987,Wacasey and Atkinson | Marine Ecology Progress Series | 1987,Thelepus cincinnatus,Annelida,Polychaeta,Terebellida,Thelepodidae,Thelepus,cincinnatus,Annelida,3.87,1.28,Broad group,Annelida,2.59,66.9250645995,1
Wacasey and Atkinson,Marine Ecology Progress Series,1987,Wacasey and Atkinson | Marine Ecology Progress Series | 1987,Thyasira gouldii,Mollusca,Bivalvia,Lucinida,Thyasiridae,Thyasira,gouldii,Mollusca (non-cephalopods),3.76,2.14,Broad group,Mollusca (non-cephalopods),1.62,43.085106383,1
Wacasey and Atkinson,Marine Ecology Progress Series,1987,Wacasey and Atkinson | Marine Ecology Progress Series | 1987,Tubularia regalis,Cnidaria,Hydrozoa,Anthoathecatae,Tubulariidae,Tubularia,regalis,Cnidaria,4.78,0.7,Broad group,Cnidaria,4.08,85.3556485356,1
Wacasey and Atkinson,Marine Ecology Progress Series,1987,Wacasey and Atkinson | Marine Ecology Progress Series | 1987,Velutina plicatilis,Mollusca,Gastropoda,Cypraeida,Velutinidae,Velutina,plicatilis,Mollusca (non-cephalopods),3.45,2.14,Broad group,Mollusca (non-cephalopods),1.31,37.9710144928,1
Wacasey and Atkinson,Marine Ecology Progress Series,1987,Wacasey and Atkinson | Marine Ecology Progress Series | 1987,Velutina undata,Mollusca,Gastropoda,Cypraeida,Velutinidae,Velutina,undata,Mollusca (non-cephalopods),3.34,2.14,Broad group,Mollusca (non-cephalopods),1.2,35.9281437126,1
Wacasey and Atkinson,Marine Ecology Progress Series,1987,Wacasey and Atkinson | Marine Ecology Progress Series | 1987,Velutina velutina,Mollusca,Gastropoda,Cypraeida,Velutinidae,Velutina,velutina,Mollusca (non-cephalopods),3.52,2.14,Broad group,Mollusca (non-cephalopods),1.38,39.2045454545,1
Wacasey and Atkinson,Marine Ecology Progress Series,1987,Wacasey and Atkinson | Marine Ecology Progress Series | 1987,Yoldia hyperborea,Mollusca,Bivalvia,Nuculanida,Yoldiidae,Yoldia,hyperborea,Mollusca (non-cephalopods),3.62,2.505,Genus,Yoldia,1.115,30.8011049724,1
Wexler et al.,Aquaculture,2003,Wexler et al. | Aquaculture | 2003,Anchovia macrolepidota,Chordata,Teleostei,Clupeiformes,Engraulidae,Anchovia,macrolepidota,Teleostei,6.47,5.2,Family,Engraulidae,1.27,19.629057187,1
Wexler et al.,Aquaculture,2003,Wexler et al. | Aquaculture | 2003,Cetengraulis mysticetus,Chordata,Teleostei,Clupeiformes,Engraulidae,Cetengraulis,mysticetus,Teleostei,6.06,5.2,Family,Engraulidae,0.86,14.1914191419,1
Wexler et al.,Aquaculture,2003,Wexler et al. | Aquaculture | 2003,Illex argentinus,Mollusca,Cephalopoda,Teuthida,Ommastrephidae,Illex,argentinus,Cephalopoda,3.86,4.875,Genus,Illex,1.015,26.2953367876,1
Wexler et al.,Aquaculture,2003,Wexler et al. | Aquaculture | 2003,Loligo opalescens,Mollusca,Cephalopoda,Teuthida,Loliginidae,Loligo,opalescens,Cephalopoda,2.98,4.7,Genus,Loligo,1.72,57.7181208054,1
Whitman,Thesis--Oregon State University,2010,Whitman | Thesis--Oregon State University | 2010,Atheresthes stomias,Chordata,Teleostei,Pleuronectiformes,Pleuronectidae,Atheresthes,stomias,Teleostei,3.39,5.6,Family,Pleuronectidae,2.21,65.191740413,1
Whitman,Thesis--Oregon State University,2010,Whitman | Thesis--Oregon State University | 2010,Gadus chalcogrammus,Chordata,Teleostei,Gadiformes,Gadidae,Gadus,chalcogrammus,Teleostei,4.045,4.7,Family,Gadidae,0.655,16.1928306551,2
Whitman,Thesis--Oregon State University,2010,Whitman | Thesis--Oregon State University | 2010,Leuroglossus schmidti,Chordata,Teleostei,Osmeriformes,Bathylagidae,Leuroglossus,schmidti,Teleostei,5.67,5.62,Broad group,Teleostei,0.05,0.8818342152,1
Whitman,Thesis--Oregon State University,2010,Whitman | Thesis--Oregon State University | 2010,Reinhardtius hippoglossoides,Chordata,Teleostei,Pleuronectiformes,Pleuronectidae,Reinhardtius,hippoglossoides,Teleostei,2.91,5.6,Family,Pleuronectidae,2.69,92.439862543,1
Whitman,Thesis--Oregon State University,2010,Whitman | Thesis--Oregon State University | 2010,Stenobrachius leucopsarus,Chordata,Teleostei,Myctophiformes,Myctophidae,Stenobrachius,leucopsarus,Teleostei,9.32,7.0,Family,Myctophidae,2.32,24.8927038627,1
Wilson et al.,North Pacific Research Board,2006,Wilson et al. | North Pacific Research Board | 2006,Euphausia pacifica,Arthropoda,Malacostraca,Euphausiacea,Euphausiidae,Euphausia,pacifica,Crustacea,4.0,3.73,Genus,Euphausia,0.27,6.75,1
Wilson et al.,North Pacific Research Board,2006,Wilson et al. | North Pacific Research Board | 2006,Thysanoessa inermis,Arthropoda,Malacostraca,Euphausiacea,Euphausiidae,Thysanoessa,inermis,Crustacea,5.75,3.815,Family,Euphausiidae,1.935,33.652173913,2
Wilson et al.,North Pacific Research Board,2006,Wilson et al. | North Pacific Research Board | 2006,Thysanoessa raschii,Arthropoda,Malacostraca,Euphausiacea,Euphausiidae,Thysanoessa,raschii,Crustacea,4.71,3.815,Family,Euphausiidae,0.895,19.0021231423,1
Wilson et al.,North Pacific Research Board,2006,Wilson et al. | North Pacific Research Board | 2006,Thysanoessa spinifera,Arthropoda,Malacostraca,Euphausiacea,Euphausiidae,Thysanoessa,spinifera,Crustacea,4.92,3.815,Family,Euphausiidae,1.105,22.4593495935,2
Winter et al.,Aquatic Mammals,2009,Winter et al. | Aquatic Mammals | 2009,Atheresthes stomias,Chordata,Teleostei,Pleuronectiformes,Pleuronectidae,Atheresthes,stomias,Teleostei,4.8,5.6,Family,Pleuronectidae,0.8,16.6666666667,9
Winter et al.,Aquatic Mammals,2009,Winter et al. | Aquatic Mammals | 2009,Gadus chalcogrammus,Chordata,Teleostei,Gadiformes,Gadidae,Gadus,chalcogrammus,Teleostei,4.8,4.7,Family,Gadidae,0.1,2.0833333333,9
Winter et al.,Aquatic Mammals,2009,Winter et al. | Aquatic Mammals | 2009,Gadus macrocephalus,Chordata,Teleostei,Gadiformes,Gadidae,Gadus,macrocephalus,Teleostei,3.8,4.7,Family,Gadidae,0.9,23.6842105263,9
Winter et al.,Aquatic Mammals,2009,Winter et al. | Aquatic Mammals | 2009,Hippoglossus stenolepis,Chordata,Teleostei,Pleuronectiformes,Pleuronectidae,Hippoglossus,stenolepis,Teleostei,4.5,5.6,Family,Pleuronectidae,1.1,24.4444444444,3
Wuenschel,Dissertation--SUNY College of Environmental Science and Forestry,2002,Wuenschel | Dissertation--SUNY College of Environmental Science and Forestry | 2002,Cynoscion nebulosus,Chordata,Teleostei,Perciformes,Sciaenidae,Cynoscion,nebulosus,Teleostei,2.48,5.56,Family,Sciaenidae,3.08,124.1935483871,1
Wuenschel et al.,Transactions of the American Fisheries Society,2006,Wuenschel et al. | Transactions of the American Fisheries Society | 2006,Lutjanus griseus,Chordata,Teleostei,Perciformes,Lutjanidae,Lutjanus,griseus,Teleostei,3.14,5.62,Broad group,Teleostei,2.48,78.9808917197,3
